,transition_id_group,name,sumformula,mean_int_1,mean_int_2,mean_int_3,mean_int_4,mean_int_5,mean_int_6,mean_int_7,mean_int_8,mean_int_9,mean_int_10,SN_1,SN_2,SN_3,SN_4,SN_5,SN_6,SN_7,SN_8,SN_9,SN_10,LOD_SN,LOD_Dilution
1,0,Acephate,C4H10NO3PS,41392.2,8952.8,2224.5,885.0,308.5,95.9,149.3,23.6,197.0,149.4,277.0,59.9,14.9,5.9,2.1,0.6,1.0,0.2,1.3,1,14.9,3
2,2,Sulfadiazole,C7H12N4O3S2,155099.0,33601.1,10846.4,4107.5,1588.5,501.2,191.8,48.9,16.4,13.1,11869.8,2571.5,830.1,314.3,121.6,38.4,14.7,3.7,1.3,1,14.7,7
3,4,Carboxin,C12H13NO2S,165477.7,43863.1,14618.5,5674.5,2110.8,573.6,188.9,96.7,31.0,16.9,9774.0,2590.8,863.5,335.2,124.7,33.9,11.2,5.7,1.8,1,11.2,7
4,6,Flusilazole,C16H15F2N3Si,672773.0,144220.3,47004.9,18123.2,6180.0,2711.7,1062.8,736.7,408.3,313.8,2143.7,459.5,149.8,57.7,19.7,8.6,3.4,2.3,1.3,1,19.7,5
5,8,Phosmet,C11H12NO4PS2,159007.1,56282.2,13359.7,7167.5,749.5,461.2,437.3,383.1,176.6,163.6,971.8,344.0,81.6,43.8,4.6,2.8,2.7,2.3,1.1,1,43.8,4
6,10,Thifensulfurson methyl,C12H13N5O6S2,152934.7,40305.5,11643.6,3683.1,1556.5,456.3,141.0,64.3,13.7,20.0,7663.7,2019.7,583.5,184.6,78.0,22.9,7.1,3.2,0.7,1,22.9,6
7,12,Desmedipham,C16H16N2O4,654411.7,70405.2,17592.0,6837.2,2927.4,1163.6,300.6,76.5,22.0,21.7,30122.3,3240.7,809.8,314.7,134.7,53.6,13.8,3.5,1.0,1,13.8,7
8,14,Malaoxon,C10H19O7PS,161720.3,34294.9,10410.0,3624.9,1235.5,516.4,123.1,75.3,22.6,30.0,5384.6,1141.9,346.6,120.7,41.1,17.2,4.1,2.5,0.8,1,17.2,6
9,16,Metribuzin,C8H14N4OS,83962.9,15528.9,4098.1,1764.0,383.6,211.6,91.8,84.6,37.0,15.4,5456.2,1009.1,266.3,114.6,24.9,13.8,6.0,5.5,2.4,1,13.8,6
10,18,Nitenpyram,C11H15ClN4O2,11812.4,2068.6,593.7,212.6,37.8,15.4,47.3,61.6,30.3,15.3,773.1,135.4,38.9,13.9,2.5,1.0,3.1,4.0,2.0,1,13.9,4
11,20,Dimethomorph,C21H22ClNO4,429671.3,114150.7,32960.9,12828.1,4469.9,1710.7,619.1,149.2,87.7,119.1,3608.9,958.8,276.8,107.7,37.5,14.4,5.2,1.3,0.7,1,14.4,6
12,22,Fenamiphos,C13H22NO3PS,24610.0,5635.4,1940.4,716.4,393.3,361.2,276.1,247.1,317.0,260.1,94.6,21.7,7.5,2.8,1.5,1.4,1.1,1.0,1.2,1,21.7,2
13,24,Metsulfuron-methyl,C14H15N5O6S,143187.0,31003.9,8648.8,3388.6,1234.9,445.5,137.6,101.9,85.6,33.9,4226.8,915.2,255.3,100.0,36.5,13.2,4.1,3.0,2.5,1,13.2,6
14,26,Trietazin,C9H16ClN5,441960.7,86015.4,28050.2,10372.1,3450.1,1007.3,610.4,136.5,49.7,31.4,14085.4,2741.3,894.0,330.6,110.0,32.1,19.5,4.4,1.6,1,19.5,7
15,28,Halofenozide,C18H19ClN2O2,381169.7,92566.2,24380.7,10709.4,3519.6,858.6,427.1,543.1,220.9,307.7,1238.6,300.8,79.2,34.8,11.4,2.8,1.4,1.8,0.7,1,11.4,5
16,30,Myclobutanil,C15H17ClN4,148959.3,33327.6,9565.0,3607.1,1606.5,350.9,134.4,81.5,41.5,56.2,2649.2,592.7,170.1,64.2,28.6,6.2,2.4,1.4,0.7,1,28.6,5
17,32,Halosulfuron-methyl,C13H15ClN6O7S,31339.3,6350.5,1732.6,605.6,224.3,102.5,57.8,8.4,14.0,40.6,772.1,156.5,42.7,14.9,5.5,2.5,1.4,0.2,0.3,1,14.9,4
18,34,Hexaconazole,C14H17Cl2N3O,671130.0,115839.9,20191.0,8690.1,2836.4,987.6,568.7,136.4,80.1,29.1,23050.2,3978.6,693.5,298.5,97.4,33.9,19.5,4.7,2.8,1,19.5,7
19,36,Iprovalicarb,C18H28N2O3,961640.0,208951.7,71295.4,27726.6,11986.0,5777.8,2427.9,1070.9,732.4,423.8,2269.2,493.1,168.2,65.4,28.3,13.6,5.7,2.5,1.7,1,13.6,6
20,38,Triasulfuron,C14H16ClN5O5S,143373.0,37551.9,13228.9,4776.7,1622.7,574.3,231.9,116.8,16.0,17.8,8042.3,2106.4,742.1,267.9,91.0,32.2,13.0,6.6,0.9,1,13.0,7
21,40,Azoxystrobin,C22H17N3O5,1626830.0,375862.0,124921.0,47998.9,16572.1,6764.8,2490.5,1017.6,327.1,279.4,5822.2,1345.2,447.1,171.8,59.3,24.2,8.9,3.6,1.2,1,24.2,6
22,42,Bifenazate,C17H20N2O3,288122.0,57415.5,16686.1,6557.6,5019.3,2540.3,2571.4,1762.2,1456.9,884.1,325.9,64.9,18.9,7.4,5.7,2.9,2.9,2.0,1.6,1,18.9,3
23,44,Fluopicolide,C14H8Cl3F3N2O,1472810.0,346734.3,92503.8,38328.8,14293.1,6350.1,1765.9,549.0,79.8,26.3,55923.8,13165.8,3512.4,1455.4,542.7,241.1,67.1,20.8,3.0,1,20.8,8
24,46,Metconazole,C17H22ClN3O,51569.0,10373.6,2794.2,2057.6,1108.1,1218.5,186.2,154.0,58.5,49.9,1032.9,207.8,56.0,41.2,22.2,24.4,3.7,3.1,1.2,1,24.4,6
25,48,Rimsulfuron,C14H17N5O7S2,127224.3,28405.4,8221.2,3156.8,1004.9,317.4,136.2,47.0,26.7,24.0,5295.2,1182.3,342.2,131.4,41.8,13.2,5.7,2.0,1.1,1,13.2,6
26,50,Zoxamide,C14H16Cl3NO2,321803.7,70136.7,22506.9,7565.3,2694.8,832.5,425.7,127.6,60.8,54.7,5880.4,1281.6,411.3,138.2,49.2,15.2,7.8,2.3,1.1,1,15.2,6
27,52,Bifenazate,C17H20N2O3,95936.3,20874.9,7146.0,1928.8,726.0,1428.2,632.6,141.9,7317.2,93.2,1029.6,224.0,76.7,20.7,7.8,15.3,6.8,1.5,78.5,1,78.5,9
28,54,Clethodim,C17H26ClNO3S,15975.6,4749.7,2374.2,897.7,321.8,54.1,102.5,185.9,191.5,329.2,48.5,14.4,7.2,2.7,1.0,0.2,0.3,0.6,0.6,1,14.4,2
29,56,Isoprothiolane,C12H18O4S2,1568050.0,351954.7,106770.7,43265.0,14767.3,5380.5,2213.5,825.8,286.3,30.0,52200.8,11716.7,3554.4,1440.3,491.6,179.1,73.7,27.5,9.5,1,27.5,8
30,58,Methoprotryne,C11H21N5OS,990264.3,230701.3,75441.6,28427.3,9135.9,3155.9,1293.4,557.5,34.3,85.5,11579.5,2697.7,882.2,332.4,106.8,36.9,15.1,6.5,0.4,1,15.1,7
31,60,Fenamidone,C17H17N3OS,353247.7,74520.8,19115.9,6953.4,2459.7,881.5,467.6,294.3,212.7,201.9,1750.0,369.2,94.7,34.4,12.2,4.4,2.3,1.5,1.1,1,12.2,5
32,62,Fluoxastrobin,C21H16ClFN4O5,492565.0,97873.8,30242.5,11902.6,3997.3,1553.5,605.8,281.6,52.6,23.4,21052.3,4183.1,1292.6,508.7,170.8,66.4,25.9,12.0,2.2,1,12.0,8
33,64,Isoprothiolane,C12H18O4S2,185004.7,62039.9,18200.2,7608.7,2032.7,1292.0,306.9,115.7,10.7,13.2,14056.1,4713.6,1382.8,578.1,154.4,98.2,23.3,8.8,0.8,1,23.3,7
34,66,Isoxaflutole,C15H12F3NO4S,33126.6,751.6,3028.9,867.9,409.2,183.6,284.1,99.2,157.5,247.6,133.8,3.0,12.2,3.5,1.7,0.7,1.1,0.4,0.6,1,12.2,3
35,68,Propioconazole,C15H17Cl2N3O2,323287.7,65018.3,19987.3,7461.7,2670.3,671.9,535.8,169.6,86.5,49.4,6543.0,1315.9,404.5,151.0,54.0,13.6,10.8,3.4,1.8,1,10.8,7
36,70,Secbumeton,C10H19N5O,1407053.3,277766.3,77547.0,30111.9,10513.4,3361.0,1130.7,755.5,645.3,102.2,13772.4,2718.8,759.0,294.7,102.9,32.9,11.1,7.4,6.3,1,11.1,7
37,72,Amidosulfuron,C9H15N5O7S2,13008.1,2836.0,722.5,382.1,135.4,104.6,85.8,43.6,51.8,7.0,1857.6,405.0,103.2,54.6,19.3,14.9,12.2,6.2,7.4,1,12.2,7
38,74,Bispyribac sodium salt,C19H18N4O8,270615.7,54105.6,16422.7,5734.5,1876.4,241.3,99.4,49.4,15.2,20.3,13333.2,2665.8,809.1,282.5,92.5,11.9,4.9,2.4,0.8,1,11.9,6
39,76,Flufenacet,C14H13F4N3O2S,390393.0,98725.5,33714.2,12807.1,4547.9,1739.8,697.9,193.9,45.5,17.8,21895.9,5537.2,1890.9,718.3,255.1,97.6,39.1,10.9,2.5,1,10.9,8
40,78,Fluoxastrobin,C21H16ClFN4O5,395.8,115.0,24.6,24.6,11.7,9.6,10.7,10.7,12.6,13.2,30.1,8.7,1.9,1.9,0.9,0.7,0.8,0.8,1.0,1,30.1,1
41,80,Triadimefon,C14H16ClN3O2,110072.7,20483.0,6563.0,2124.4,663.4,290.5,95.1,38.1,26.7,38.7,2841.2,528.7,169.4,54.8,17.1,7.5,2.5,1.0,0.7,1,17.1,5
42,82,Azinphos-Ethyl,C12H16N3O3PS2,74687.1,19932.8,6157.6,2267.6,910.0,1185.2,414.8,185.4,1596.8,221.9,336.5,89.8,27.7,10.2,4.1,5.3,1.9,0.8,7.2,1,10.2,4
43,84,Chlorfenvinphos,C12H14Cl3O4P,343570.0,77288.5,21596.4,8280.4,2907.1,1144.7,411.2,126.8,33.3,19.5,17577.0,3954.1,1104.9,423.6,148.7,58.6,21.0,6.5,1.7,1,21.0,7
44,86,Cyprodinil,C14H15N3,149272.7,33554.5,9730.8,3557.1,1460.5,801.1,166.3,57.8,47.0,74.2,2010.5,451.9,131.1,47.9,19.7,10.8,2.2,0.8,0.6,1,10.8,6
45,88,Furathiocarb,C18H26N2O5S,843061.7,148969.7,44263.6,17187.1,6268.5,2069.0,987.3,361.0,85.6,46.3,18225.7,3220.5,956.9,371.6,135.5,44.7,21.3,7.8,1.9,1,21.3,7
46,90,Methiocarb,C11H15NO2S,296083.0,66586.0,22568.7,8482.5,4086.3,2361.5,1766.8,1821.8,2789.6,946.7,312.8,70.3,23.8,9.0,4.3,2.5,1.9,1.9,2.9,1,23.8,3
47,92,Methoxyfenozide,C22H28N2O3,632205.0,160076.3,44502.1,20463.9,7792.3,3732.9,2877.3,3417.3,1274.9,2396.4,263.8,66.8,18.6,8.5,3.3,1.6,1.2,1.4,0.5,1,18.6,3
48,94,Tribenuron methyl,C15H17N5O6S,39028.0,9309.2,2779.4,1167.6,451.3,145.7,46.2,95.5,21.4,46.4,841.8,200.8,60.0,25.2,9.7,3.1,1.0,2.1,0.5,1,25.2,4
49,96,Aminocarb,C11H16N2O2,706090.7,152629.3,46877.8,17620.7,6315.1,1988.6,969.7,1999.3,6619.2,82.4,8566.7,1851.8,568.7,213.8,76.6,24.1,11.8,24.3,80.3,1,80.3,9
50,98,Lenacil,C13H18N2O2,326374.3,74057.6,17918.5,7080.8,2486.8,1022.1,5197.8,11602.2,5038.8,11635.3,28.1,6.4,1.5,0.6,0.2,0.1,0.4,1.0,0.4,1,28.1,1
51,100,Tricyclazol,C9H7N3S,712093.7,177911.0,61463.1,22464.4,8727.9,2506.6,1062.3,339.0,85.1,208.0,3423.8,855.4,295.5,108.0,42.0,12.1,5.1,1.6,0.4,1,12.1,6
52,102,Dimoxystrobin,C19H22N2O3,714470.3,163892.7,52944.9,18596.8,7024.3,2897.2,1110.4,294.8,142.7,78.4,9109.1,2089.5,675.0,237.1,89.6,36.9,14.2,3.8,1.8,1,14.2,7
53,104,Flazasulfuron,C13H12F3N5O5S,60532.0,11459.1,3262.5,1284.0,526.1,86.1,33.5,22.6,11.9,6.2,9771.9,1849.9,526.7,207.3,84.9,13.9,5.4,3.6,1.9,1,13.9,6
54,106,Ipconazole,C18H24ClN3O,52589.8,11099.7,3729.5,5925.5,5092.8,2041.6,1078.6,372.6,914.0,304.8,172.5,36.4,12.2,19.4,16.7,6.7,3.5,1.2,3.0,1,16.7,5
55,108,Methoxyfenozide,C22H28N2O3,9483.1,2727.8,950.5,330.8,160.6,93.4,29.5,18.5,13.4,60.2,157.6,45.3,15.8,5.5,2.7,1.6,0.5,0.3,0.2,1,15.8,3
56,110,Propyzamide,C12H11Cl2NO,175434.3,36397.5,10191.8,4013.1,1605.7,529.4,187.3,69.5,19.1,42.0,4180.1,867.3,242.8,95.6,38.3,12.6,4.5,1.7,0.5,1,12.6,6
57,112,Spiromesifen,C23H30O4,189110.0,37062.8,10029.5,4400.4,1884.0,1244.1,783.1,161.9,132.1,103.1,1833.6,359.4,97.2,42.7,18.3,12.1,7.6,1.6,1.3,1,12.1,6
58,114,Isofenphos-methyl,C14H22NO4PS,179911.7,13085.4,6951.0,2504.2,847.0,318.5,133.0,2755.9,3371.7,200.3,898.4,65.3,34.7,12.5,4.2,1.6,0.7,13.8,16.8,1,16.8,9
59,116,Prometon,C10H19N5O,1104090.0,220693.0,63465.8,23979.6,7685.8,2478.9,1191.6,989.0,589.0,322.7,3421.2,683.9,196.7,74.3,23.8,7.7,3.7,3.1,1.8,1,23.8,5
60,118,Tepraloxydim,C17H24ClNO4,33193.2,4787.0,2434.1,914.0,527.0,1393.7,628.4,286.0,1025.3,232.9,142.5,20.6,10.5,3.9,2.3,6.0,2.7,1.2,4.4,1,10.5,3
61,120,Alanycarb,C17H25N3O4S2,162567.7,36414.8,10561.3,3697.0,1299.3,613.5,199.2,65.2,17.9,8.9,18238.0,4085.3,1184.8,414.8,145.8,68.8,22.3,7.3,2.0,1,22.3,7
62,122,Fenhexamid,C14H17Cl2NO2,20816.5,4220.7,1185.3,404.1,160.7,34.5,12.9,22.7,23.4,11.8,1759.1,356.7,100.2,34.1,13.6,2.9,1.1,1.9,2.0,1,13.6,5
63,124,Coumaphos,C14H16ClO5PS,190893.7,34072.8,9585.5,3584.8,1079.4,304.2,164.5,27.6,19.1,8.6,22090.3,3942.9,1109.2,414.8,124.9,35.2,19.0,3.2,2.2,1,19.0,7
64,126,Diflufenican,C19H11F5N2O2,665099.3,121254.3,36251.5,14024.7,5070.6,2103.0,727.7,378.7,98.8,80.9,8218.4,1498.3,447.9,173.3,62.7,26.0,9.0,4.7,1.2,1,26.0,6
65,128,Mepanipyrim,C14H13N3,170869.3,39962.5,13567.1,5309.8,1876.2,991.8,620.2,286.3,200.1,160.6,1064.1,248.9,84.5,33.1,11.7,6.2,3.9,1.8,1.2,1,11.7,5
66,130,Phenmediphan,C16H16N2O4,643696.3,68763.0,17634.2,6780.0,2923.0,1161.0,359.1,272.4,26.0,39.6,16240.3,1734.9,444.9,171.1,73.7,29.3,9.1,6.9,0.7,1,29.3,6
67,132,Rotenone,C23H22O6,128220.7,26415.3,8083.9,2541.9,1045.6,453.5,203.9,112.9,93.3,48.7,2632.9,542.4,166.0,52.2,21.5,9.3,4.2,2.3,1.9,1,21.5,5
68,134,Malathion,C10H19O6PS2,231587.0,56136.9,16928.9,7107.2,2620.1,1036.2,380.7,64.6,39.9,19.2,12038.9,2918.2,880.0,369.5,136.2,53.9,19.8,3.4,2.1,1,19.8,7
69,136,Bupirimate,C13H24N4O3S,666705.0,149963.3,46842.1,19102.0,7157.9,2336.2,966.6,389.2,132.7,73.0,9135.2,2054.8,641.8,261.7,98.1,32.0,13.2,5.3,1.8,1,13.2,7
70,138,Hexaflumuron,C16H8Cl2F6N2O3,190118.3,33332.6,10087.5,4087.5,1489.8,490.2,199.1,92.4,28.5,26.7,7108.5,1246.3,377.2,152.8,55.7,18.3,7.4,3.5,1.1,1,18.3,6
71,140,Mandipropamid,C23H22ClNO4,344740.0,85170.8,23568.1,8851.9,3484.0,1182.5,499.3,248.6,63.4,26.6,12979.0,3206.6,887.3,333.3,131.2,44.5,18.8,9.4,2.4,1,18.8,7
72,142,Benzoximate,C18H18ClNO5,317118.0,35482.6,12893.0,6172.5,4026.1,1392.9,1478.7,842.1,1461.1,2440.8,129.9,14.5,5.3,2.5,1.6,0.6,0.6,0.3,0.6,1,14.5,2
73,144,Dursban,C9H11Cl3NO3PS,203703.0,45299.6,12516.4,5412.0,2344.1,875.0,381.2,129.1,46.6,60.6,3359.4,747.1,206.4,89.3,38.7,14.4,6.3,2.1,0.8,1,14.4,6
74,146,Mandipropamid,C23H22ClNO4,10032.5,3808.0,1187.0,241.1,186.9,28.0,10.2,10.2,13.7,11.1,905.1,343.5,107.1,21.8,16.9,2.5,0.9,0.9,1.2,1,16.9,5
75,148,Picoxystrobin,C18H16F3NO4,48814.0,24544.7,9617.7,4111.2,1455.7,676.7,160.2,60.6,62.5,34.8,1401.2,704.5,276.1,118.0,41.8,19.4,4.6,1.7,1.8,1,19.4,6
76,150,Proquinazid,C14H17IN2O2,3657213.3,752413.0,219975.7,99228.3,39478.6,16229.9,6842.3,3174.6,1141.7,673.8,5427.7,1116.7,326.5,147.3,58.6,24.1,10.2,4.7,1.7,1,10.2,7
77,152,Benzoximate,C18H18ClNO5,2536.9,528.8,180.2,51.0,12.5,21.1,20.4,20.8,14.0,22.6,112.1,23.4,8.0,2.3,0.6,0.9,0.9,0.9,0.6,1,23.4,2
78,154,Boscalid,C18H12Cl2N2O,279405.0,62781.4,17591.6,6722.5,2410.9,851.7,372.3,134.5,88.9,35.0,7979.5,1793.0,502.4,192.0,68.9,24.3,10.6,3.8,2.5,1,10.6,7
79,156,Picoxystrobin,C18H16F3NO4,874739.7,196067.7,56226.9,22076.9,8534.1,3827.4,1627.3,972.7,5761.4,4264.2,205.1,46.0,13.2,5.2,2.0,0.9,0.4,0.2,1.4,1,13.2,3
80,158,Spirodiclofen,C21H24Cl2O4,48976.7,2825.2,719.6,196.1,94.7,111.5,62.5,18.7,29.8,10.1,4826.2,278.4,70.9,19.3,9.3,11.0,6.2,1.8,2.9,1,11.0,6
81,160,Ethofumesate,C13H18O5S,68994.6,19938.4,8776.7,2529.8,1765.1,800.6,501.6,400.0,276.5,325.9,211.7,61.2,26.9,7.8,5.4,2.5,1.5,1.2,0.8,1,26.9,3
82,162,Mecarbam,C10H20NO5PS2,113707.4,30886.7,12382.5,4811.2,1771.2,757.8,257.6,65.0,7.9,29.1,3901.3,1059.7,424.8,165.1,60.8,26.0,8.8,2.2,0.3,1,26.0,6
83,164,Pyraclostrobin,C19H18ClN3O4,613768.7,105165.5,32608.1,11469.7,4057.9,995.1,441.7,143.1,83.0,82.0,7486.0,1282.7,397.7,139.9,49.5,12.1,5.4,1.7,1.0,1,12.1,6
84,166,Temephos,C16H20O6P2S3,211248.0,36584.6,11968.0,4552.8,1843.1,816.1,310.9,163.0,23.2,46.3,4564.3,790.5,258.6,98.4,39.8,17.6,6.7,3.5,0.5,1,17.6,6
85,168,Mixture of Avermectin B1a and B1b,C48H72O14,5954.6,1125.9,289.7,215.1,70.5,49.0,54.6,54.2,59.6,67.7,87.9,16.6,4.3,3.2,1.0,0.7,0.8,0.8,0.9,1,16.6,2
86,170,Azamethiphos,C9H10ClN2O5PS,361591.3,98338.7,31986.0,12863.6,4560.0,1524.5,534.7,366.6,90.5,20.9,17315.1,4709.0,1531.7,616.0,218.4,73.0,25.6,17.6,4.3,1,17.6,8
87,172,Carbaryl,C12H11NO2,326172.7,85322.7,26816.0,10517.1,4054.3,1185.2,1442.3,1249.3,1021.4,1003.8,324.9,85.0,26.7,10.5,4.0,1.2,1.4,1.2,1.0,1,10.5,4
88,174,Carbendazim,C9H9N3O2,1067835.3,220644.7,79311.6,25968.4,11311.5,3516.5,1490.5,307.5,50.7,43.8,24399.1,5041.5,1812.2,593.4,258.5,80.3,34.1,7.0,1.2,1,34.1,7
89,176,Ethyoxyquin,C14H19NO,71421.4,16135.5,3549.1,1817.1,1762.2,1329.9,642.4,403.8,68.8,909.3,78.5,17.7,3.9,2.0,1.9,1.5,0.7,0.4,0.1,1,17.7,2
90,178,Mexacarbate,C12H18N2O2,991597.3,238833.7,73869.4,27840.8,9592.9,3666.9,1399.8,483.7,281.9,157.7,6286.6,1514.2,468.3,176.5,60.8,23.2,8.9,3.1,1.8,1,23.2,6
91,180,Pirimicarb,C11H18N4O2,230572.0,46275.7,12182.6,4821.8,1255.4,545.7,314.7,85.1,19.6,70.4,3273.4,657.0,173.0,68.5,17.8,7.7,4.5,1.2,0.3,1,17.8,5
92,182,Moxidectin,C37H53NO8,16664.1,2386.2,822.9,415.0,161.0,156.8,206.0,104.0,77.4,56.2,296.7,42.5,14.7,7.4,2.9,2.8,3.7,1.9,1.4,1,14.7,3
93,184,Trifloxystrobin,C20H19F3N2O4,1153361.0,237656.0,64740.5,27288.2,10068.2,4728.1,1596.1,736.1,196.7,113.5,10158.2,2093.2,570.2,240.3,88.7,41.6,14.1,6.5,1.7,1,14.1,7
94,186,Pyripoxyfen,C20H19NO3,576955.3,113914.7,35719.2,13647.3,5372.0,2342.6,1293.7,689.0,386.4,601.5,959.2,189.4,59.4,22.7,8.9,3.9,2.2,1.1,0.6,1,22.7,4
95,188,Quinalfos,C12H15N2O3PS,610207.7,130478.3,38664.7,15972.6,5746.8,2095.1,746.2,296.3,87.9,19.6,31123.3,6655.0,1972.1,814.7,293.1,106.9,38.1,15.1,4.5,1,15.1,8
96,190,Silthiofam,C13H21NOSSi,493432.3,111387.3,36185.6,13884.3,4801.2,1721.6,702.6,289.9,109.6,47.8,10330.8,2332.1,757.6,290.7,100.5,36.0,14.7,6.1,2.3,1,14.7,7
97,192,Difenoconazole,C19H17Cl2N3O3,762789.0,132663.3,36746.8,13602.5,5661.2,1949.5,874.6,24.4,55.4,16.7,45736.2,7954.4,2203.3,815.6,339.4,116.9,52.4,1.5,3.3,1,52.4,7
98,194,Fipronil,C12H4Cl2F6N4OS,35302.0,7837.2,2317.9,728.6,332.6,119.8,30.0,9.1,17.1,8.1,4362.1,968.4,286.4,90.0,41.1,14.8,3.7,1.1,2.1,1,14.8,6
99,196,Cyazofamid,C13H13ClN4O2S,16157.5,3139.5,779.5,359.8,58.0,55.9,29.0,31.5,18.8,55.7,290.3,56.4,14.0,6.5,1.0,1.0,0.5,0.6,0.3,1,14.0,3
100,198,Phenthoate,C12H17O4PS2,310497.7,55331.8,15827.8,6321.6,2291.9,888.7,520.1,261.7,4815.1,311.6,996.5,177.6,50.8,20.3,7.4,2.9,1.7,0.8,15.5,1,15.5,9
101,200,Ethofumesate,C13H18O5S,2572.2,473.0,182.3,39.2,23.9,11.3,21.9,10.4,9.6,33.9,76.0,14.0,5.4,1.2,0.7,0.3,0.6,0.3,0.3,1,14.0,2
102,202,Fenpyroximate,C24H27N3O4,1534756.7,324659.3,89337.0,37502.1,15584.2,7264.0,3359.6,1469.8,660.9,316.7,4846.6,1025.2,282.1,118.4,49.2,22.9,10.6,4.6,2.1,1,10.6,7
103,204,Tolylfluanid,C10H13Cl2FN2O2S2,6722.2,455.6,19.6,9.6,14.3,12.3,8.3,13.6,8.3,12.5,538.5,36.5,1.6,0.8,1.1,1.0,0.7,1.1,0.7,1,36.5,2
104,206,Carfentrazone-ethyl,C15H14Cl2F3N3O3,380454.0,87046.2,24838.5,8427.9,3551.0,1334.5,433.8,174.2,63.7,10.4,36601.9,8374.4,2389.6,810.8,341.6,128.4,41.7,16.8,6.1,1,16.8,8
105,208,Tolclosof methyl,C9H11Cl2O3PS,250478.0,28342.7,11656.7,4693.9,1629.2,513.6,215.8,76.2,40.7,24.0,10437.8,1181.1,485.8,195.6,67.9,21.4,9.0,3.2,1.7,1,21.4,6
106,210,Carfentrazone-ethyl,C15H14Cl2F3N3O3,4897.6,983.9,331.4,85.7,33.4,22.6,11.1,11.8,14.7,9.1,541.0,108.7,36.6,9.5,3.7,2.5,1.2,1.3,1.6,1,36.6,3
107,212,Fenazaquin,C20H22N2O,1094720.0,188829.3,54846.5,26339.2,10902.5,6076.9,3688.3,2318.2,1015.1,1260.7,868.3,149.8,43.5,20.9,8.6,4.8,2.9,1.8,0.8,1,20.9,4
108,214,Indoxacarb,C22H17ClF3N3O7,248964.3,49344.2,14263.6,5419.6,2011.7,703.1,324.4,99.3,61.3,17.0,14639.4,2901.5,838.7,318.7,118.3,41.3,19.1,5.8,3.6,1,19.1,7
109,216,Kresoxim-methyl,C18H19NO4,144765.3,34746.2,11154.8,4003.6,1420.4,602.6,187.9,175.8,63.0,66.6,2172.8,521.5,167.4,60.1,21.3,9.0,2.8,2.6,0.9,1,21.3,5
110,218,Indoxacarb,C22H17ClF3N3O7,43351.2,7695.1,2048.9,806.4,275.2,10.7,19.9,17.8,10.7,8.4,5178.1,919.1,244.7,96.3,32.9,1.3,2.4,2.1,1.3,1,32.9,5
111,220,Kresoxim-methyl,C18H19NO4,15228.3,3600.7,2169.5,539.4,125.2,90.9,71.9,31.5,59.3,54.7,278.3,65.8,39.7,9.9,2.3,1.7,1.3,0.6,1.1,1,39.7,3
112,222,Pyridaben,C19H25ClN2OS,916368.3,227206.0,64110.5,35066.0,16750.5,8567.5,5614.9,5847.6,7966.2,4304.3,212.9,52.8,14.9,8.1,3.9,2.0,1.3,1.4,1.9,1,14.9,3
113,224,Profenofos,C11H15BrClO3PS,96982.3,16693.6,4429.1,1820.4,738.6,268.1,132.6,11.9,10.1,20.7,4692.9,807.8,214.3,88.1,35.7,13.0,6.4,0.6,0.5,1,13.0,6
114,226,Triflumuron,C15H10ClF3N2O3,195928.3,40711.2,11898.8,4465.5,1584.9,580.7,284.1,64.7,37.8,27.0,7255.9,1507.7,440.7,165.4,58.7,21.5,10.5,2.4,1.4,1,10.5,7
115,228,Flumetsulam,C12H9F2N5O2S,302191.7,68238.4,20104.7,7552.2,2829.6,933.2,307.6,78.4,34.0,12.0,25193.8,5689.1,1676.1,629.6,235.9,77.8,25.6,6.5,2.8,1,25.6,7
116,230,Fuberidazole,C11H8N2O,984351.3,234167.3,64796.0,23278.8,8086.3,2879.1,1067.6,510.0,179.1,67.9,14490.2,3447.1,953.8,342.7,119.0,42.4,15.7,7.5,2.6,1,15.7,7
117,232,Sulfentrazone,C11H10Cl2F2N4O3S,18832.0,5991.7,1934.9,582.8,191.5,88.1,33.7,15.2,14.3,14.9,1259.9,400.9,129.4,39.0,12.8,5.9,2.3,1.0,1.0,1,12.8,5
118,234,Thiabendazole,C10H7N3S,861017.7,194925.7,52262.9,19344.4,7942.4,2715.0,948.3,188.6,130.4,143.4,6004.5,1359.4,364.5,134.9,55.4,18.9,6.6,1.3,0.9,1,18.9,6
119,236,Tebufanpyrad,C18H24ClN3O,45813.3,4386.3,1106.0,328.8,294.9,340.9,249.4,411.2,632.3,290.6,157.6,15.1,3.8,1.1,1.0,1.2,0.9,1.4,2.2,1,15.1,2
120,238,Pirmiphos-methyl,C11H20N3O3PS,1453746.7,289118.3,79900.0,30592.9,11969.7,4158.5,1671.2,593.9,240.0,106.7,13624.7,2709.7,748.8,286.7,112.2,39.0,15.7,5.6,2.2,1,15.7,7
121,240,Picolinafen,C19H12F4N2O2,543896.0,107352.0,30496.7,12823.9,4579.6,2239.6,762.0,267.9,98.9,14.3,38132.9,7526.5,2138.1,899.1,321.1,157.0,53.4,18.8,6.9,1,18.8,8
122,242,Quinoxyfen,C15H8Cl2FNO,557778.0,101622.2,27750.4,11452.7,4277.1,1587.8,644.0,194.8,89.9,23.9,23332.6,4251.0,1160.8,479.1,178.9,66.4,26.9,8.2,3.8,1,26.9,7
123,244,Teflubenzuron,C14H6Cl2F4N2O2,233996.7,41333.0,13716.7,5733.6,1697.2,335.7,244.6,103.7,41.7,28.2,8307.1,1467.4,487.0,203.5,60.3,11.9,8.7,3.7,1.5,1,11.9,6
124,246,Oxadiazon,C15H18Cl2N2O3,130645.3,26681.7,7027.2,2724.2,1063.9,415.4,249.6,70.7,19.6,14.9,8761.7,1789.4,471.3,182.7,71.4,27.9,16.7,4.7,1.3,1,16.7,7
125,248,Metrafenone,C19H21BrO5,926843.7,192293.3,62104.9,24396.8,9577.6,3831.7,1426.8,730.7,160.5,389.2,2381.1,494.0,159.6,62.7,24.6,9.8,3.7,1.9,0.4,1,24.6,5
126,250,Pendimethalin (Penoxalin),C13H19N3O4,101316.5,16957.4,4314.3,1612.4,681.9,308.4,158.0,61.9,5.7,22.7,4470.7,748.3,190.4,71.1,30.1,13.6,7.0,2.7,0.3,1,13.6,6
127,252,Propaquizafop,C22H22ClN3O5,143270.0,24895.8,7594.7,2449.5,665.0,168.1,73.5,54.9,32.6,43.7,3277.0,569.4,173.7,56.0,15.2,3.8,1.7,1.3,0.7,1,15.2,5
128,254,Benfuracarb,C20H30N2O5S,425.7,93.9,32.0,24.1,18.8,19.6,25.4,13.7,22.1,18.3,23.3,5.1,1.7,1.3,1.0,1.1,1.4,0.7,1.2,1,23.3,1
129,256,Benfuracarb,C20H30N2O5S,72447.1,12376.6,3048.2,1385.2,669.1,266.5,133.9,118.3,149.7,278.4,260.2,44.5,10.9,5.0,2.4,1.0,0.5,0.4,0.5,1,10.9,3
130,258,Fosthiazate,C9H18NO3PS2,23763.4,8238.3,3088.5,1088.1,222.3,151.4,50.6,17.9,10.8,9.9,2407.6,834.7,312.9,110.2,22.5,15.3,5.1,1.8,1.1,1,15.3,6
131,260,Metamitron,C10H10N4O,81912.0,17925.1,5112.7,1857.0,639.8,232.7,100.8,46.8,921.8,318.5,257.2,56.3,16.1,5.8,2.0,0.7,0.3,0.1,2.9,1,16.1,3
132,262,Phospamidon (Mix of isomers),C10H19ClNO5P,390869.7,75039.1,21701.5,7717.4,2702.0,895.1,299.7,171.6,43.2,19.6,19933.9,3826.9,1106.7,393.6,137.8,45.6,15.3,8.7,2.2,1,15.3,7
133,264,Sulfentrazone,C11H10Cl2F2N4O3S,115136.7,28046.4,8433.1,3084.8,1044.6,366.4,101.7,23.4,17.3,8.9,12956.1,3156.0,949.0,347.1,117.5,41.2,11.4,2.6,1.9,1,11.4,7
134,266,Thiametoxam,C8H10ClN5O3S,201333.3,62871.9,21445.6,8603.7,2866.3,1060.0,394.0,167.5,25.0,43.9,4583.3,1431.3,488.2,195.9,65.2,24.1,9.0,3.8,0.6,1,24.1,6
135,268,Flufenoxuron,C21H11ClF6N2O3,365834.0,68094.3,21728.0,10503.4,4243.4,1921.6,615.5,505.1,137.7,42.9,8534.3,1588.5,506.9,245.0,99.0,44.8,14.4,11.8,3.2,1,11.8,8
136,270,Hexythiazox,C17H21ClN2O2S,202617.0,39378.8,12942.6,6355.8,1876.4,932.0,509.5,178.4,81.5,74.9,2705.9,525.9,172.8,84.9,25.1,12.4,6.8,2.4,1.1,1,12.4,6
137,272,Carbofuran,C12H15NO3,574430.3,127671.4,51558.0,21012.5,8166.9,3224.4,1563.0,11001.2,2958.6,1439.1,399.2,88.7,35.8,14.6,5.7,2.2,1.1,7.6,2.1,1,14.6,4
138,274,Chloridazon,C10H8ClN3O,24755.0,16078.8,3447.9,5176.8,5415.0,380.3,31257.5,27647.7,4003.6,579.9,42.7,27.7,5.9,8.9,9.3,0.7,53.9,47.7,6.9,1,47.7,8
139,276,Fosthiazate,C9H18NO3PS2,895333.0,203240.7,45760.0,20354.0,7634.5,2848.8,916.7,267.9,20.4,40.4,22171.4,5032.9,1133.2,504.0,189.1,70.5,22.7,6.6,0.5,1,22.7,7
140,278,Imidacloprid,C9H10ClN5O2,196346.3,44495.8,13740.2,5190.5,1827.3,737.5,232.2,144.3,43.0,46.2,4246.7,962.4,297.2,112.3,39.5,16.0,5.0,3.1,0.9,1,16.0,6
141,280,Mesosulfuron-methyl,C17H21N5O9S2,25516.6,4888.1,1319.2,526.1,214.5,82.4,14.2,12.5,14.1,6.0,4266.1,817.2,220.6,88.0,35.9,13.8,2.4,2.1,2.4,1,13.8,6
142,282,Triticonazole,C17H20ClN3O,155600.3,29224.4,9612.4,3559.3,1276.9,198.6,82.6,47.6,31.4,39.8,3907.1,733.8,241.4,89.4,32.1,5.0,2.1,1.2,0.8,1,32.1,5
143,284,Azaconazole,C12H11Cl2N3O2,599131.7,133544.7,40713.9,16449.3,5170.8,1834.6,572.3,206.6,81.6,55.9,10714.7,2388.3,728.1,294.2,92.5,32.8,10.2,3.7,1.5,1,10.2,7
144,286,Cymoxanil,C7H10N4O3,17208.4,2490.0,891.3,42.3,163.5,492.7,791.5,488.4,935.9,108.9,158.0,22.9,8.2,0.4,1.5,4.5,7.3,4.5,8.6,1,22.9,2
145,288,Fenarimol,C17H12Cl2N2O,174679.7,43598.6,12100.8,4738.6,1548.3,642.0,191.2,120.4,50.8,35.7,4898.0,1222.5,339.3,132.9,43.4,18.0,5.4,3.4,1.4,1,18.0,6
146,290,Fluometuron,C10H11F3N2O,24806.0,5870.1,1819.0,649.5,230.9,92.3,11.5,22.1,8.4,7.1,3478.1,823.1,255.0,91.1,32.4,12.9,1.6,3.1,1.2,1,12.9,6
147,292,Nitenpyram,C11H15ClN4O2,58308.0,15105.4,4680.4,1843.5,866.6,245.4,144.6,41.8,38.6,81.8,713.2,184.8,57.3,22.6,10.6,3.0,1.8,0.5,0.5,1,10.6,5
148,294,Cymiazol hydrochloride,C12H14N2S,416614.3,85600.5,23521.5,9386.6,3311.4,1656.4,781.3,286.5,41.6,64.2,6489.8,1333.4,366.4,146.2,51.6,25.8,12.2,4.5,0.6,1,12.2,7
149,296,Ethirimol,C11H19N3O,243588.0,48955.0,15094.3,5159.3,1804.2,559.9,247.6,127.6,24.3,21.2,11475.9,2306.4,711.1,243.1,85.0,26.4,11.7,6.0,1.1,1,11.7,7
150,298,Flumioxazin,C19H15FN2O4,13636.7,1700.9,629.3,341.5,295.1,195.6,113.0,161.7,110.7,128.3,106.2,13.3,4.9,2.7,2.3,1.5,0.9,1.3,0.9,1,13.3,2
151,300,Fluquinconazole,C16H8Cl2FN5O,251002.7,54830.6,17387.5,6579.5,2331.7,931.6,356.6,187.5,37.9,25.4,9892.8,2161.1,685.3,259.3,91.9,36.7,14.1,7.4,1.5,1,14.1,7
152,302,Flutriafol,C16H13F2N3O,167529.0,39149.7,11244.7,4274.3,1616.5,452.9,234.1,58.2,34.2,24.2,6936.7,1621.0,465.6,177.0,66.9,18.8,9.7,2.4,1.4,1,18.8,6
153,304,Diethofencarb,C14H21NO4,553024.7,142915.3,47921.4,16979.8,6565.2,2455.1,951.0,393.8,603.0,68.3,8098.1,2092.7,701.7,248.6,96.1,36.0,13.9,5.8,8.8,1,13.9,7
154,306,Dimethachlor,C13H18ClNO2,1608286.7,366224.0,110746.0,44930.6,16238.0,5457.7,2096.2,581.8,154.2,58.7,27390.8,6237.2,1886.1,765.2,276.5,92.9,35.7,9.9,2.6,1,35.7,7
155,308,Ethoprop,C8H19O2PS2,36064.6,10962.9,3475.6,1385.6,462.2,165.3,58.4,13.7,12.0,9.4,3835.5,1165.9,369.6,147.4,49.2,17.6,6.2,1.5,1.3,1,17.6,6
156,310,Foramsulfron,C17H20N6O7S,69117.3,14797.8,3771.2,1501.0,513.1,206.8,34.0,35.3,8.4,12.4,5592.1,1197.2,305.1,121.4,41.5,16.7,2.8,2.9,0.7,1,16.7,6
157,312,Metobromuron,C9H11BrN2O2,173238.0,40297.0,11626.2,3954.3,1459.0,462.0,235.4,72.6,35.9,28.5,6072.5,1412.5,407.5,138.6,51.1,16.2,8.3,2.5,1.3,1,16.2,6
158,314,Chlorantraniliprole,C18H14BrCl2N5O2,252707.0,60761.1,17944.7,8202.4,2444.3,744.6,385.5,122.2,32.6,34.5,7327.0,1761.7,520.3,237.8,70.9,21.6,11.2,3.5,0.9,1,11.2,7
159,316,Guthion,C10H12N3O3PS2,64850.7,22384.6,7076.9,1960.4,859.9,327.6,29.5,31.5,42.2,28.5,2273.2,784.6,248.1,68.7,30.1,11.5,1.0,1.1,1.5,1,11.5,6
160,318,Methabenzthiazurone,C10H11N3OS,787398.3,195533.0,65149.9,26737.1,9243.4,3408.8,1487.7,628.4,148.8,148.1,5315.2,1319.9,439.8,180.5,62.4,23.0,10.0,4.2,1.0,1,10.0,7
161,320,Oxadixyl,C14H18N2O4,291814.0,61469.0,19878.7,8955.4,3189.1,477.3,559.0,338.8,420.9,677.3,430.8,90.8,29.3,13.2,4.7,0.7,0.8,0.5,0.6,1,13.2,4
162,322,Quinoclamine,C10H6ClNO2,50362.6,11769.7,3244.9,1560.8,809.6,585.4,924.3,287.2,329.2,339.0,148.5,34.7,9.6,4.6,2.4,1.7,2.7,0.8,1.0,1,34.7,2
163,324,Spirotetramat,C21H27NO5,357752.3,19656.8,4692.7,1335.3,748.3,347.9,126.6,26.7,19.0,9.0,39866.3,2190.5,522.9,148.8,83.4,38.8,14.1,3.0,2.1,1,14.1,7
164,326,Tebuconazole,C16H22ClN3O,141145.5,39417.8,9660.6,4306.3,1095.4,437.4,121.3,49.8,51.7,27.1,5215.5,1456.5,357.0,159.1,40.5,16.2,4.5,1.8,1.9,1,16.2,6
165,328,Tebuthiuron,C9H16N4OS,515952.3,101503.3,28321.8,11774.9,3995.4,1336.3,641.0,241.6,32.5,111.8,4613.3,907.6,253.2,105.3,35.7,11.9,5.7,2.2,0.3,1,11.9,6