PrecursorMz	ProductMz	PrecursorCharge	ProductCharge	LibraryIntensity	NormalizedRetentionTime	PeptideSequence	ModifiedPeptideSequence	PeptideGroupLabel	LabelType	CompoundName	SumFormula	SMILES	Adducts	ProteinId	UniprotId	GeneName	FragmentType	FragmentSeriesNumber	Annotation	CollisionEnergy	PrecursorIonMobility	TransitionGroupId	TransitionId	Decoy	DetectingTransition	IdentifyingTransition	QuantifyingTransition	Peptidoforms
184.019177000000013	142.992627999999996	1	NA	0.730862677097321	146.159999999999997					Acephate	C4H10NO3PS	NA	M+H+					-1	C2H7O3PS	-1.0	-1.0	0_Acephate_0	0_0_Acephate_0	0	1	0	1	
184.019177000000013	124.982062999999997	1	NA	0.436555564403534	146.159999999999997					Acephate	C4H10NO3PS	NA	M+H+					-1	C2H5O2PS	-1.0	-1.0	0_Acephate_0	0_1_Acephate_0	0	1	0	1	
184.019177000000013	110.966413000000003	1	NA	0.146499544382095	146.159999999999997					Acephate	C4H10NO3PS	NA	M+H+					-1	CH3O2PS	-1.0	-1.0	0_Acephate_0	0_2_Acephate_0	0	1	0	1	
265.042358999999976	208.020894999999996	1	NA	1.0	266.656999999979973					Sulfadiazole	C7H12N4O3S2	NA	M+H+					-1	C5H9N3O2S2	-1.0	-1.0	0_Sulfadiazole_7	0_0_Sulfadiazole_7	0	1	0	1	
265.042358999999976	161.979029999999995	1	NA	0.688923537731171	266.656999999979973					Sulfadiazole	C7H12N4O3S2	NA	M+H+					-1	C3H3N3OS2	-1.0	-1.0	0_Sulfadiazole_7	0_1_Sulfadiazole_7	0	1	0	1	
265.042358999999976	114.012045000000001	1	NA	0.40014386177063	266.656999999979973					Sulfadiazole	C7H12N4O3S2	NA	M+H+					-1	C3H3N3S	-1.0	-1.0	0_Sulfadiazole_7	0_2_Sulfadiazole_7	0	1	0	1	
236.073975999999988	143.016127000000012	1	NA	1.0	383.566999999979942					Carboxin	C12H13NO2S	NA	M+H+					-1	C6H6O2S	-1.0	-1.0	10_Carboxin_4	10_0_Carboxin_4	0	1	0	1	
236.073975999999988	124.021546999999998	1	NA	0.122898250818253	383.566999999979942					Carboxin	C12H13NO2S	NA	M+H+					-1	C6H5NS	-1.0	-1.0	10_Carboxin_4	10_1_Carboxin_4	0	1	0	1	
236.073975999999988	132.044389999999993	1	NA	0.063723765313625	383.566999999979942					Carboxin	C12H13NO2S	NA	M+H+					-1	C8H5NO	-1.0	-1.0	10_Carboxin_4	10_2_Carboxin_4	0	1	0	1	
316.107606999999973	165.069876999999991	1	NA	1.0	469.354000000019994					Flusilazole	C16H15F2N3Si	NA	M+H+					-1	C13H8	-1.0	-1.0	10_Flusilazole_1	10_0_Flusilazole_1	0	1	0	1	
316.107606999999973	247.074909999999988	1	NA	0.447225123643875	469.354000000019994					Flusilazole	C16H15F2N3Si	NA	M+H+					-1	C14H12F2Si	-1.0	-1.0	10_Flusilazole_1	10_1_Flusilazole_1	0	1	0	1	
316.107606999999973	219.043610000000001	1	NA	0.290621787309647	469.354000000019994					Flusilazole	C16H15F2N3Si	NA	M+H+					-1	C12H8F2Si	-1.0	-1.0	10_Flusilazole_1	10_2_Flusilazole_1	0	1	0	1	
318.001813000000027	160.039305000000013	1	NA	1.0	439.730999999999995					Phosmet	C11H12NO4PS2	NA	M+H+					-1	C9H5NO2	-1.0	-1.0	10_Phosmet_5	10_0_Phosmet_5	0	1	0	1	
318.001813000000027	133.02840599999999	1	NA	0.188812345266342	439.730999999999995					Phosmet	C11H12NO4PS2	NA	M+H+					-1	C8H4O2	-1.0	-1.0	10_Phosmet_5	10_1_Phosmet_5	0	1	0	1	
318.001813000000027	105.033490999999998	1	NA	0.035308964550495	439.730999999999995					Phosmet	C11H12NO4PS2	NA	M+H+					-1	C7H4O	-1.0	-1.0	10_Phosmet_5	10_2_Phosmet_5	0	1	0	1	
388.038002000000006	204.962377000000004	1	NA	1.0	343.72199999999998					Thifensulfurson methyl	C12H13N5O6S2	NA	M+H+					-1	C6H4O4S2	-1.0	-1.0	10_Thifensulfurson methyl_3	10_0_Thifensulfurson methyl_3	0	1	0	1	
388.038002000000006	141.077087000000006	1	NA	0.729176938533783	343.72199999999998					Thifensulfurson methyl	C12H13N5O6S2	NA	M+H+					-1	C5H8N4O	-1.0	-1.0	10_Thifensulfurson methyl_3	10_1_Thifensulfurson methyl_3	0	1	0	1	
388.038002000000006	125.977001999999999	1	NA	0.095665484666824	343.72199999999998					Thifensulfurson methyl	C12H13N5O6S2	NA	M+H+					-1	C5HO2S	-1.0	-1.0	10_Thifensulfurson methyl_3	10_2_Thifensulfurson methyl_3	0	1	0	1	
301.118283000000019	136.039305000000013	1	NA	1.0	426.572999999999979					Desmedipham	C16H16N2O4	NA	M+H+					-1	C7H5NO2	-1.0	-1.0	11_Desmedipham_7	11_0_Desmedipham_7	0	1	0	1	
301.118283000000019	154.049869999999999	1	NA	0.241399317979813	426.572999999999979					Desmedipham	C16H16N2O4	NA	M+H+					-1	C7H7NO3	-1.0	-1.0	11_Desmedipham_7	11_1_Desmedipham_7	0	1	0	1	
301.118283000000019	108.044390000000007	1	NA	0.154687881469727	426.572999999999979					Desmedipham	C16H16N2O4	NA	M+H+					-1	C6H5NO	-1.0	-1.0	11_Desmedipham_7	11_2_Desmedipham_7	0	1	0	1	
315.066187000000014	127.038971000000004	1	NA	0.104510679841042	358.218000000000018					Malaoxon	C10H19O7PS	NA	M+H+					-1	C6H6O3	-1.0	-1.0	11_Malaoxon_2	11_0_Malaoxon_2	0	1	0	1	
315.066187000000014	124.982062999999997	1	NA	0.055922381579876	358.218000000000018					Malaoxon	C10H19O7PS	NA	M+H+					-1	C2H5O2PS	-1.0	-1.0	11_Malaoxon_2	11_1_Malaoxon_2	0	1	0	1	
315.066187000000014	142.992627999999996	1	NA	0.048191864043474	358.218000000000018					Malaoxon	C10H19O7PS	NA	M+H+					-1	C2H7O3PS	-1.0	-1.0	11_Malaoxon_2	11_2_Malaoxon_2	0	1	0	1	
215.096109000000013	187.101193999999992	1	NA	1.0	348.345000000000027					Metribuzin	C8H14N4OS	NA	M+H+					-1	C7H14N4S	-1.0	-1.0	11_Metribuzin_3	11_0_Metribuzin_3	0	1	0	1	
215.096109000000013	171.058660000000003	1	NA	0.146138817071915	348.345000000000027					Metribuzin	C8H14N4OS	NA	M+H+					-1	C7H10N2OS	-1.0	-1.0	11_Metribuzin_3	11_1_Metribuzin_3	0	1	0	1	
215.096109000000013	114.99606	1	NA	0.033646114170551	348.345000000000027					Metribuzin	C8H14N4OS	NA	M+H+					-1	C3H2N2OS	-1.0	-1.0	11_Metribuzin_3	11_2_Metribuzin_3	0	1	0	1	
293.077574000000027	275.067008999999985	1	NA	1.0	360.832000000020059					Nitenpyram	C11H15ClN4O2	NA	M+Na+					-1	C11H13ClN4O	-1.0	-1.0	11_Nitenpyram_6	11_0_Nitenpyram_6	0	1	0	1	
293.077574000000027	243.040795000000003	1	NA	0.707454264163971	360.832000000020059					Nitenpyram	C11H15ClN4O2	NA	M+Na+					-1	C10H9ClN4	-1.0	-1.0	11_Nitenpyram_6	11_1_Nitenpyram_6	0	1	0	1	
293.077574000000027	119.010350000000003	1	NA	0.52601969242096	360.832000000020059					Nitenpyram	C11H15ClN4O2	NA	M+Na+					-1	C5H4O2	-1.0	-1.0	11_Nitenpyram_6	11_2_Nitenpyram_6	0	1	0	1	
388.131011999999998	301.06259799999998	1	NA	1.0	424.765000000019995					Dimethomorph	C21H22ClNO4	NA	M+H+					-1	C17H13ClO3	-1.0	-1.0	12_Dimethomorph_4	12_0_Dimethomorph_4	0	1	0	1	
388.131011999999998	165.054620999999997	1	NA	0.583803117275238	424.765000000019995					Dimethomorph	C21H22ClNO4	NA	M+H+					-1	C9H8O3	-1.0	-1.0	12_Dimethomorph_4	12_1_Dimethomorph_4	0	1	0	1	
388.131011999999998	273.067683999999986	1	NA	0.16325606405735	424.765000000019995					Dimethomorph	C21H22ClNO4	NA	M+H+					-1	C16H13ClO2	-1.0	-1.0	12_Dimethomorph_4	12_2_Dimethomorph_4	0	1	0	1	
304.113077999999973	107.049141000000006	1	NA	1.0	446.172000000000025					Fenamiphos	C13H22NO3PS	NA	M+H+					-1	C7H6O	-1.0	-1.0	12_Fenamiphos_0	12_0_Fenamiphos_0	0	1	0	1	
304.113077999999973	200.997415999999987	1	NA	0.644177258014679	446.172000000000025					Fenamiphos	C13H22NO3PS	NA	M+H+					-1	C10H3NO2P	-1.0	-1.0	12_Fenamiphos_0	12_1_Fenamiphos_0	0	1	0	1	
304.113077999999973	108.056966000000003	1	NA	0.473626911640167	446.172000000000025					Fenamiphos	C13H22NO3PS	NA	M+H+					-1	C7H7O	-1.0	-1.0	12_Fenamiphos_0	12_2_Fenamiphos_0	0	1	0	1	
382.081581000000028	141.077087000000006	1	NA	1.0	352.945000000020059					Metsulfuron-methyl	C14H15N5O6S	NA	M+H+					-1	C5H8N4O	-1.0	-1.0	12_Metsulfuron-methyl_3	12_0_Metsulfuron-methyl_3	0	1	0	1	
382.081581000000028	199.005955999999998	1	NA	0.869114875793457	352.945000000020059					Metsulfuron-methyl	C14H15N5O6S	NA	M+H+					-1	C8H6O4S	-1.0	-1.0	12_Metsulfuron-methyl_3	12_1_Metsulfuron-methyl_3	0	1	0	1	
382.081581000000028	135.044056000000012	1	NA	0.617388546466827	352.945000000020059					Metsulfuron-methyl	C14H15N5O6S	NA	M+H+					-1	C8H6O2	-1.0	-1.0	12_Metsulfuron-methyl_3	12_2_Metsulfuron-methyl_3	0	1	0	1	
230.116700000000009	202.085399999999993	1	NA	1.0	470.794999999980007					Trietazin	C9H16ClN5	NA	M+H+					-1	C7H12ClN5	-1.0	-1.0	12_Trietazin_5	12_0_Trietazin_5	0	1	0	1	
230.116700000000009	132.03230099999999	1	NA	0.759287357330322	470.794999999980007					Trietazin	C9H16ClN5	NA	M+H+					-1	C4H6ClN3	-1.0	-1.0	12_Trietazin_5	12_1_Trietazin_5	0	1	0	1	
230.116700000000009	104.001001000000002	1	NA	0.486128956079483	470.794999999980007					Trietazin	C9H16ClN5	NA	M+H+					-1	C2H2ClN3	-1.0	-1.0	12_Trietazin_5	12_2_Trietazin_5	0	1	0	1	
331.12078200000002	105.033490999999998	1	NA	1.0	440.419000000019992					Halofenozide	C18H19ClN2O2	NA	M+H+					-1	C7H4O	-1.0	-1.0	13_Halofenozide_7	13_0_Halofenozide_7	0	1	0	1	
331.12078200000002	138.994518999999997	1	NA	0.622807025909424	440.419000000019992					Halofenozide	C18H19ClN2O2	NA	M+H+					-1	C7H3ClO	-1.0	-1.0	13_Halofenozide_7	13_1_Halofenozide_7	0	1	0	1	
331.12078200000002	110.999604000000005	1	NA	0.047454703599215	440.419000000019992					Halofenozide	C18H19ClN2O2	NA	M+H+					-1	C6H3Cl	-1.0	-1.0	13_Halofenozide_7	13_2_Halofenozide_7	0	1	0	1	
289.121450999999979	125.015253999999999	1	NA	1.0	448.027999999980011					Myclobutanil	C15H17ClN4	NA	M+H+					-1	C7H5Cl	-1.0	-1.0	13_Myclobutanil_0	13_0_Myclobutanil_0	0	1	0	1	
289.121450999999979	151.030903999999992	1	NA	0.234752595424652	448.027999999980011					Myclobutanil	C15H17ClN4	NA	M+H+					-1	C9H7Cl	-1.0	-1.0	13_Myclobutanil_0	13_1_Myclobutanil_0	0	1	0	1	
289.121450999999979	164.026152999999994	1	NA	0.085290729999542	448.027999999980011					Myclobutanil	C15H17ClN4	NA	M+H+					-1	C9H6ClN	-1.0	-1.0	13_Myclobutanil_0	13_2_Myclobutanil_0	0	1	0	1	
435.048422000000016	139.050204000000008	1	NA	1.0	445.045000000020025					Halosulfuron-methyl	C13H15ClN6O7S	NA	M+H+					-1	C6H6N2O2	-1.0	-1.0	14_Halosulfuron-methyl_7	14_0_Halosulfuron-methyl_7	0	1	0	1	
435.048422000000016	156.076752999999997	1	NA	0.156126767396927	445.045000000020025					Halosulfuron-methyl	C13H15ClN6O7S	NA	M+H+					-1	C6H9N3O2	-1.0	-1.0	14_Halosulfuron-methyl_7	14_1_Halosulfuron-methyl_7	0	1	0	1	
435.048422000000016	403.02220699999998	1	NA	0.046005550771952	445.045000000020025					Halosulfuron-methyl	C13H15ClN6O7S	NA	M+H+					-1	C12H11ClN6O6S	-1.0	-1.0	14_Halosulfuron-methyl_7	14_2_Halosulfuron-methyl_7	0	1	0	1	
314.082144000000028	158.976281999999998	1	NA	0.398828476667404	480.495000000000005					Hexaconazole	C14H17Cl2N3O	NA	M+H+					-1	C7H4Cl2	-1.0	-1.0	14_Hexaconazole_1	14_0_Hexaconazole_1	0	1	0	1	
314.082144000000028	125.015253999999999	1	NA	0.04973653331399	480.495000000000005					Hexaconazole	C14H17Cl2N3O	NA	M+H+					-1	C7H5Cl	-1.0	-1.0	14_Hexaconazole_1	14_1_Hexaconazole_1	0	1	0	1	
314.082144000000028	174.971196999999989	1	NA	0.044548328965902	480.495000000000005					Hexaconazole	C14H17Cl2N3O	NA	M+H+					-1	C7H4Cl2O	-1.0	-1.0	14_Hexaconazole_1	14_2_Hexaconazole_1	0	1	0	1	
321.217268999999988	119.085526999999999	1	NA	1.0	442.042000000019982					Iprovalicarb	C18H28N2O3	NA	M+H+					-1	C9H10	-1.0	-1.0	14_Iprovalicarb_4	14_0_Iprovalicarb_4	0	1	0	1	
321.217268999999988	116.070605	1	NA	0.144318342208862	442.042000000019982					Iprovalicarb	C18H28N2O3	NA	M+H+					-1	C5H9NO2	-1.0	-1.0	14_Iprovalicarb_4	14_1_Iprovalicarb_4	0	1	0	1	
321.217268999999988	117.069877000000005	1	NA	0.085531570017338	442.042000000019982					Iprovalicarb	C18H28N2O3	NA	M+H+					-1	C9H8	-1.0	-1.0	14_Iprovalicarb_4	14_2_Iprovalicarb_4	0	1	0	1	
402.063343999999972	167.056352000000004	1	NA	1.0	363.118999999980019					Triasulfuron	C14H16ClN5O5S	NA	M+H+					-1	C6H6N4O2	-1.0	-1.0	14_Triasulfuron_3	14_0_Triasulfuron_3	0	1	0	1	
402.063343999999972	137.005561999999998	1	NA	0.316123247146606	363.118999999980019					Triasulfuron	C14H16ClN5O5S	NA	M+H+					-1	C7H4OS	-1.0	-1.0	14_Triasulfuron_3	14_1_Triasulfuron_3	0	1	0	1	
402.063343999999972	141.000476999999989	1	NA	0.188606455922127	363.118999999980019					Triasulfuron	C14H16ClN5O5S	NA	M+H+					-1	C6H4O2S	-1.0	-1.0	14_Triasulfuron_3	14_2_Triasulfuron_3	0	1	0	1	
404.124097000000006	372.097882000000027	1	NA	1.0	445.74400000001998					Azoxystrobin	C22H17N3O5	NA	M+H+					-1	C21H13N3O4	-1.0	-1.0	15_Azoxystrobin_4	15_0_Azoxystrobin_4	0	1	0	1	
404.124097000000006	329.079493000000014	1	NA	0.919591844081879	445.74400000001998					Azoxystrobin	C22H17N3O5	NA	M+H+					-1	C19H10N3O3	-1.0	-1.0	15_Azoxystrobin_4	15_1_Azoxystrobin_4	0	1	0	1	
404.124097000000006	344.102967999999976	1	NA	0.822850823402405	445.74400000001998					Azoxystrobin	C22H17N3O5	NA	M+H+					-1	C20H13N3O3	-1.0	-1.0	15_Azoxystrobin_4	15_2_Azoxystrobin_4	0	1	0	1	
301.154669000000013	170.096426000000008	1	NA	1.0	466.314000000000021					Bifenazate	C17H20N2O3	NA	M+H+					-1	C12H11N	-1.0	-1.0	15_Bifenazate_7	15_0_Bifenazate_7	0	1	0	1	
301.154669000000013	153.069876999999991	1	NA	0.505763649940491	466.314000000000021					Bifenazate	C17H20N2O3	NA	M+H+					-1	C12H8	-1.0	-1.0	15_Bifenazate_7	15_1_Bifenazate_7	0	1	0	1	
301.154669000000013	184.075690000000009	1	NA	0.331799417734146	466.314000000000021					Bifenazate	C17H20N2O3	NA	M+H+					-1	C12H9NO	-1.0	-1.0	15_Bifenazate_7	15_2_Bifenazate_7	0	1	0	1	
382.972707000000014	174.952352999999988	1	NA	1.0	461.815000000020007					Fluopicolide	C14H8Cl3F3N2O	NA	M+H+					-1	C4H2Cl2F2O	-1.0	-1.0	15_Fluopicolide_0	15_0_Fluopicolide_0	0	1	0	1	
382.972707000000014	172.955545999999998	1	NA	0.495787084102631	461.815000000020007					Fluopicolide	C14H8Cl3F3N2O	NA	M+H+					-1	C7H2Cl2O	-1.0	-1.0	15_Fluopicolide_0	15_1_Fluopicolide_0	0	1	0	1	
382.972707000000014	146.957437999999996	1	NA	0.080787621438503	461.815000000020007					Fluopicolide	C14H8Cl3F3N2O	NA	M+H+					-1	C3H2Cl2F2	-1.0	-1.0	15_Fluopicolide_0	15_2_Fluopicolide_0	0	1	0	1	
320.152416000000017	125.015253999999999	1	NA	1.0	483.292999999979941					Metconazole	C17H22ClN3O	NA	M+H+					-1	C7H5Cl	-1.0	-1.0	15_Metconazole_1	15_0_Metconazole_1	0	1	0	1	
320.152416000000017	177.046553999999986	1	NA	0.191740408539772	483.292999999979941					Metconazole	C17H22ClN3O	NA	M+H+					-1	C11H9Cl	-1.0	-1.0	15_Metconazole_1	15_1_Metconazole_1	0	1	0	1	
320.152416000000017	142.077701999999988	1	NA	0.07374631613493	483.292999999979941					Metconazole	C17H22ClN3O	NA	M+H+					-1	C11H9	-1.0	-1.0	15_Metconazole_1	15_2_Metconazole_1	0	1	0	1	
432.064215999999988	182.056017999999995	1	NA	1.0	365.902000000019996					Rimsulfuron	C14H17N5O7S2	NA	M+H+					-1	C7H7N3O3	-1.0	-1.0	15_Rimsulfuron_3	15_0_Rimsulfuron_3	0	1	0	1	
432.064215999999988	325.096501999999987	1	NA	0.230305939912796	365.902000000019996					Rimsulfuron	C14H17N5O7S2	NA	M+H+					-1	C13H16N4O4S	-1.0	-1.0	15_Rimsulfuron_3	15_1_Rimsulfuron_3	0	1	0	1	
432.064215999999988	139.050204000000008	1	NA	0.109335824847221	365.902000000019996					Rimsulfuron	C14H17N5O7S2	NA	M+H+					-1	C6H6N2O2	-1.0	-1.0	15_Rimsulfuron_3	15_2_Rimsulfuron_3	0	1	0	1	
336.031938000000025	186.971196999999989	1	NA	1.0	514.411000000019953					Zoxamide	C14H16Cl3NO2	NA	M+H+					-1	C8H4Cl2O	-1.0	-1.0	15_Zoxamide_5	15_0_Zoxamide_5	0	1	0	1	
336.031938000000025	158.976281999999998	1	NA	0.293930739164352	514.411000000019953					Zoxamide	C14H16Cl3NO2	NA	M+H+					-1	C7H4Cl2	-1.0	-1.0	15_Zoxamide_5	15_1_Zoxamide_5	0	1	0	1	
336.031938000000025	203.997746000000007	1	NA	0.040837869048119	514.411000000019953					Zoxamide	C14H16Cl3NO2	NA	M+H+					-1	C8H7Cl2NO	-1.0	-1.0	15_Zoxamide_5	15_2_Zoxamide_5	0	1	0	1	
323.136613000000011	221.081109999999995	1	NA	1.0	466.314000000000021					Bifenazate	C17H20N2O3	NA	M+Na+					-1	C13H12NO	-1.0	-1.0	16_Bifenazate_7	16_0_Bifenazate_7	0	1	0	1	
323.136613000000011	152.059645999999987	1	NA	0.583333313465118	466.314000000000021					Bifenazate	C17H20N2O3	NA	M+Na+					-1	C10H9	-1.0	-1.0	16_Bifenazate_7	16_1_Bifenazate_7	0	1	0	1	
323.136613000000011	153.067471000000012	1	NA	0.416666656732559	466.314000000000021					Bifenazate	C17H20N2O3	NA	M+Na+					-1	C10H10	-1.0	-1.0	16_Bifenazate_7	16_2_Bifenazate_7	0	1	0	1	
360.13946900000002	164.070605	1	NA	1.0	439.091999999999985					Clethodim	C17H26ClNO3S	NA	M+H+					-1	C9H9NO2	-1.0	-1.0	16_Clethodim_2	16_0_Clethodim_2	0	1	0	1	
360.13946900000002	166.086254999999994	1	NA	0.949664413928986	439.091999999999985					Clethodim	C17H26ClNO3S	NA	M+H+					-1	C9H11NO2	-1.0	-1.0	16_Clethodim_2	16_1_Clethodim_2	0	1	0	1	
360.13946900000002	136.075690000000009	1	NA	0.496644288301468	439.091999999999985					Clethodim	C17H26ClNO3S	NA	M+H+					-1	C8H9NO	-1.0	-1.0	16_Clethodim_2	16_2_Clethodim_2	0	1	0	1	
291.071928000000014	188.967462000000012	1	NA	1.0	475.717999999980009					Isoprothiolane	C12H18O4S2	NA	M+H+					-1	C6H4O3S2	-1.0	-1.0	16_Isoprothiolane_0	16_0_Isoprothiolane_0	0	1	0	1	
291.071928000000014	144.977632999999997	1	NA	0.305855810642242	475.717999999980009					Isoprothiolane	C12H18O4S2	NA	M+H+					-1	C5H4OS2	-1.0	-1.0	16_Isoprothiolane_0	16_1_Isoprothiolane_0	0	1	0	1	
291.071928000000014	231.01441299999999	1	NA	0.062728703022003	475.717999999980009					Isoprothiolane	C12H18O4S2	NA	M+H+					-1	C9H10O3S2	-1.0	-1.0	16_Isoprothiolane_0	16_2_Isoprothiolane_0	0	1	0	1	
272.153957999999989	170.049493000000012	1	NA	1.0	414.867000000000019					Methoprotryne	C11H21N5OS	NA	M+H+					-1	C5H7N5S	-1.0	-1.0	16_Methoprotryne_6	16_0_Methoprotryne_6	0	1	0	1	
272.153957999999989	198.080793	1	NA	0.862482666969299	414.867000000000019					Methoprotryne	C11H21N5OS	NA	M+H+					-1	C7H11N5S	-1.0	-1.0	16_Methoprotryne_6	16_1_Methoprotryne_6	0	1	0	1	
272.153957999999989	125.082172999999997	1	NA	0.212660163640976	414.867000000000019					Methoprotryne	C11H21N5OS	NA	M+H+					-1	C5H8N4	-1.0	-1.0	16_Methoprotryne_6	16_2_Methoprotryne_6	0	1	0	1	
312.116510000000005	236.118223999999998	1	NA	0.635735988616943	451.564999999979989					Fenamidone	C17H17N3OS	NA	M+H+					-1	C15H13N3	-1.0	-1.0	17_Fenamidone_4	17_0_Fenamidone_4	0	1	0	1	
312.116510000000005	103.054226999999997	1	NA	0.182645857334137	451.564999999979989					Fenamidone	C17H17N3OS	NA	M+H+					-1	C8H6	-1.0	-1.0	17_Fenamidone_4	17_1_Fenamidone_4	0	1	0	1	
312.116510000000005	120.080776	1	NA	0.072463497519493	451.564999999979989					Fenamidone	C17H17N3OS	NA	M+H+					-1	C8H9N	-1.0	-1.0	17_Fenamidone_4	17_2_Fenamidone_4	0	1	0	1	
459.086602000000028	427.060386999999992	1	NA	1.0	479.281999999979973					Fluoxastrobin	C21H16ClFN4O5	NA	M+H+					-1	C20H12ClFN4O4	-1.0	-1.0	17_Fluoxastrobin_7	17_0_Fluoxastrobin_7	0	1	0	1	
459.086602000000028	188.03804199999999	1	NA	0.395339757204056	479.281999999979973					Fluoxastrobin	C21H16ClFN4O5	NA	M+H+					-1	C10H4FN2O	-1.0	-1.0	17_Fluoxastrobin_7	17_1_Fluoxastrobin_7	0	1	0	1	
459.086602000000028	306.067331000000024	1	NA	0.164053499698639	479.281999999979973					Fluoxastrobin	C21H16ClFN4O5	NA	M+H+					-1	C17H8FN3O2	-1.0	-1.0	17_Fluoxastrobin_7	17_2_Fluoxastrobin_7	0	1	0	1	
313.053872000000013	166.959576999999996	1	NA	1.0	475.717999999980009					Isoprothiolane	C12H18O4S2	NA	M+Na+					-1	C5H4OS2	-1.0	-1.0	17_Isoprothiolane_0	17_0_Isoprothiolane_0	0	1	0	1	
313.053872000000013	144.975227999999987	1	NA	0.121055111289024	475.717999999980009					Isoprothiolane	C12H18O4S2	NA	M+Na+					-1	C3H6OS2	-1.0	-1.0	17_Isoprothiolane_0	17_1_Isoprothiolane_0	0	1	0	1	
313.053872000000013	271.006921999999975	1	NA	0.070654734969139	475.717999999980009					Isoprothiolane	C12H18O4S2	NA	M+Na+					-1	C9H12O4S2	-1.0	-1.0	17_Isoprothiolane_0	17_2_Isoprothiolane_0	0	1	0	1	
360.05119000000002	166.086254999999994	1	NA	1.0	442.804999999979941					Isoxaflutole	C15H12F3NO4S	NA	M+H+					-1	C9H11NO2	-1.0	-1.0	17_Isoxaflutole_2	17_0_Isoxaflutole_2	0	1	0	1	
360.05119000000002	164.070605	1	NA	0.618421077728272	442.804999999979941					Isoxaflutole	C15H12F3NO4S	NA	M+H+					-1	C9H9NO2	-1.0	-1.0	17_Isoxaflutole_2	17_1_Isoxaflutole_2	0	1	0	1	
360.05119000000002	136.075690000000009	1	NA	0.315789461135864	442.804999999979941					Isoxaflutole	C15H12F3NO4S	NA	M+H+					-1	C8H9NO	-1.0	-1.0	17_Isoxaflutole_2	17_2_Isoxaflutole_2	0	1	0	1	
342.07705900000002	158.976281999999998	1	NA	1.0	489.847999999980004					Propioconazole	C15H17Cl2N3O2	NA	M+H+					-1	C7H4Cl2	-1.0	-1.0	17_Propioconazole_1	17_0_Propioconazole_1	0	1	0	1	
342.07705900000002	186.971196999999989	1	NA	0.051516328006983	489.847999999980004					Propioconazole	C15H17Cl2N3O2	NA	M+H+					-1	C8H4Cl2O	-1.0	-1.0	17_Propioconazole_1	17_1_Propioconazole_1	0	1	0	1	
342.07705900000002	172.955545999999998	1	NA	0.036575205624104	489.847999999980004					Propioconazole	C15H17Cl2N3O2	NA	M+H+					-1	C7H2Cl2O	-1.0	-1.0	17_Propioconazole_1	17_2_Propioconazole_1	0	1	0	1	
226.166236999999995	170.103635999999995	1	NA	1.0	417.61900000001998					Secbumeton	C10H19N5O	NA	M+H+					-1	C6H11N5O	-1.0	-1.0	17_Secbumeton_6	17_0_Secbumeton_6	0	1	0	1	
226.166236999999995	100.050538000000003	1	NA	0.180282667279243	417.61900000001998					Secbumeton	C10H19N5O	NA	M+H+					-1	C3H5N3O	-1.0	-1.0	17_Secbumeton_6	17_1_Secbumeton_6	0	1	0	1	
226.166236999999995	142.072336000000007	1	NA	0.169079631567001	417.61900000001998					Secbumeton	C10H19N5O	NA	M+H+					-1	C4H7N5O	-1.0	-1.0	17_Secbumeton_6	17_2_Secbumeton_6	0	1	0	1	
370.048565999999994	219.026804999999996	1	NA	1.0	369.620999999999981					Amidosulfuron	C9H15N5O7S2	NA	M+H+					-1	CH8N5O6S	-1.0	-1.0	18_Amidosulfuron_3	18_0_Amidosulfuron_3	0	1	0	1	
370.048565999999994	218.023002999999989	1	NA	0.454123973846436	369.620999999999981					Amidosulfuron	C9H15N5O7S2	NA	M+H+					-1	C6H7N3O4S	-1.0	-1.0	18_Amidosulfuron_3	18_1_Amidosulfuron_3	0	1	0	1	
370.048565999999994	139.037628000000012	1	NA	0.255668610334396	369.620999999999981					Amidosulfuron	C9H15N5O7S2	NA	M+H+					-1	C5H4N3O2	-1.0	-1.0	18_Amidosulfuron_3	18_2_Amidosulfuron_3	0	1	0	1	
453.101683999999977	179.042712999999992	1	NA	1.0	417.61900000001998					Bispyribac sodium salt	C19H18N4O8	NA	M+Na+					-1	C6H8N2O3	-1.0	-1.0	18_Bispyribac sodium salt_6	18_0_Bispyribac sodium salt_6	0	1	0	1	
453.101683999999977	275.063842000000022	1	NA	0.148883372545242	417.61900000001998					Bispyribac sodium salt	C19H18N4O8	NA	M+Na+					-1	C11H12N2O5	-1.0	-1.0	18_Bispyribac sodium salt_6	18_1_Bispyribac sodium salt_6	0	1	0	1	
453.101683999999977	409.111854999999991	1	NA	0.148883372545242	417.61900000001998					Bispyribac sodium salt	C19H18N4O8	NA	M+Na+					-1	C18H18N4O6	-1.0	-1.0	18_Bispyribac sodium salt_6	18_2_Bispyribac sodium salt_6	0	1	0	1	
364.073736999999994	152.050617999999986	1	NA	1.0	480.363					Flufenacet	C14H13F4N3O2S	NA	M+H+					-1	C8H6FNO	-1.0	-1.0	18_Flufenacet_0	18_0_Flufenacet_0	0	1	0	1	
364.073736999999994	124.055704000000006	1	NA	0.643052458763123	480.363					Flufenacet	C14H13F4N3O2S	NA	M+H+					-1	C7H6FN	-1.0	-1.0	18_Flufenacet_0	18_1_Flufenacet_0	0	1	0	1	
364.073736999999994	109.044804999999997	1	NA	0.124766103923321	480.363					Flufenacet	C14H13F4N3O2S	NA	M+H+					-1	C7H5F	-1.0	-1.0	18_Flufenacet_0	18_2_Flufenacet_0	0	1	0	1	
481.068546000000026	450.050156000000015	1	NA	1.0	479.281999999979973					Fluoxastrobin	C21H16ClFN4O5	NA	M+Na+					-1	C20H13ClFN4O4	-1.0	-1.0	18_Fluoxastrobin_7	18_0_Fluoxastrobin_7	0	1	0	1	
481.068546000000026	408.060921000000008	1	NA	0.363636374473572	479.281999999979973					Fluoxastrobin	C21H16ClFN4O5	NA	M+Na+					-1	C20H16ClNO5	-1.0	-1.0	18_Fluoxastrobin_7	18_1_Fluoxastrobin_7	0	1	0	1	
481.068546000000026	343.094080000000019	1	NA	0.272727280855179	479.281999999979973					Fluoxastrobin	C21H16ClFN4O5	NA	M+Na+					-1	C20H16O4	-1.0	-1.0	18_Fluoxastrobin_7	18_2_Fluoxastrobin_7	0	1	0	1	
294.100381000000027	197.072768999999994	1	NA	0.433794677257538	453.946000000019978					Triadimefon	C14H16ClN3O2	NA	M+H+					-1	C11H13ClO	-1.0	-1.0	18_Triadimefon_2	18_0_Triadimefon_2	0	1	0	1	
294.100381000000027	141.010168999999991	1	NA	0.371636271476746	453.946000000019978					Triadimefon	C14H16ClN3O2	NA	M+H+					-1	C7H5ClO	-1.0	-1.0	18_Triadimefon_2	18_1_Triadimefon_2	0	1	0	1	
294.100381000000027	126.994518999999997	1	NA	0.2131477445364	453.946000000019978					Triadimefon	C14H16ClN3O2	NA	M+H+					-1	C6H3ClO	-1.0	-1.0	18_Triadimefon_2	18_2_Triadimefon_2	0	1	0	1	
346.044346000000019	132.044389999999993	1	NA	1.0	481.30000000002002					Azinphos-Ethyl	C12H16N3O3PS2	NA	M+H+					-1	C8H5NO	-1.0	-1.0	19_Azinphos-Ethyl_0	19_0_Azinphos-Ethyl_0	0	1	0	1	
346.044346000000019	137.005561999999998	1	NA	0.821657240390778	481.30000000002002					Azinphos-Ethyl	C12H16N3O3PS2	NA	M+H+					-1	C7H4OS	-1.0	-1.0	19_Azinphos-Ethyl_0	19_1_Azinphos-Ethyl_0	0	1	0	1	
346.044346000000019	105.033490999999998	1	NA	0.353954792022705	481.30000000002002					Azinphos-Ethyl	C12H16N3O3PS2	NA	M+H+					-1	C7H4O	-1.0	-1.0	19_Azinphos-Ethyl_0	19_2_Azinphos-Ethyl_0	0	1	0	1	
358.976805000000013	169.968457000000001	1	NA	1.0	496.912999999980059					Chlorfenvinphos	C12H14Cl3O4P	NA	M+H+					-1	C8H3Cl2	-1.0	-1.0	19_Chlorfenvinphos_1	19_0_Chlorfenvinphos_1	0	1	0	1	
358.976805000000013	204.937309999999997	1	NA	0.582129657268524	496.912999999980059					Chlorfenvinphos	C12H14Cl3O4P	NA	M+H+					-1	C8H3Cl3	-1.0	-1.0	19_Chlorfenvinphos_1	19_1_Chlorfenvinphos_1	0	1	0	1	
358.976805000000013	127.015472000000003	1	NA	0.220815137028694	496.912999999980059					Chlorfenvinphos	C12H14Cl3O4P	NA	M+H+					-1	C2H7O4P	-1.0	-1.0	19_Chlorfenvinphos_1	19_2_Chlorfenvinphos_1	0	1	0	1	
226.133873999999992	210.102574000000004	1	NA	0.680631577968597	482.935000000020011					Cyprodinil	C14H15N3	NA	M+H+					-1	C13H11N3	-1.0	-1.0	19_Cyprodinil_7	19_0_Cyprodinil_7	0	1	0	1	
226.133873999999992	108.080776	1	NA	0.514828383922577	482.935000000020011					Cyprodinil	C14H15N3	NA	M+H+					-1	C7H9N	-1.0	-1.0	19_Cyprodinil_7	19_1_Cyprodinil_7	0	1	0	1	
226.133873999999992	133.076024999999987	1	NA	0.443630814552307	482.935000000020011					Cyprodinil	C14H15N3	NA	M+H+					-1	C8H8N2	-1.0	-1.0	19_Cyprodinil_7	19_2_Cyprodinil_7	0	1	0	1	
383.163519000000008	195.047426999999999	1	NA	1.0	562.741000000019994					Furathiocarb	C18H26N2O5S	NA	M+H+					-1	C10H10O2S	-1.0	-1.0	19_Furathiocarb_5	19_0_Furathiocarb_5	0	1	0	1	
383.163519000000008	167.052512000000007	1	NA	0.474851697683334	562.741000000019994					Furathiocarb	C18H26N2O5S	NA	M+H+					-1	C9H10OS	-1.0	-1.0	19_Furathiocarb_5	19_1_Furathiocarb_5	0	1	0	1	
383.163519000000008	164.083180999999996	1	NA	0.282971560955048	562.741000000019994					Furathiocarb	C18H26N2O5S	NA	M+H+					-1	C10H11O2	-1.0	-1.0	19_Furathiocarb_5	19_2_Furathiocarb_5	0	1	0	1	
226.08962600000001	121.064791	1	NA	1.0	431.488000000020008					Methiocarb	C11H15NO2S	NA	M+H+					-1	C8H8O	-1.0	-1.0	19_Methiocarb_6	19_0_Methiocarb_6	0	1	0	1	
226.08962600000001	122.072615999999996	1	NA	0.490185856819153	431.488000000020008					Methiocarb	C11H15NO2S	NA	M+H+					-1	C8H9O	-1.0	-1.0	19_Methiocarb_6	19_1_Methiocarb_6	0	1	0	1	
226.08962600000001	107.049141000000006	1	NA	0.264356881380081	431.488000000020008					Methiocarb	C11H15NO2S	NA	M+H+					-1	C7H6O	-1.0	-1.0	19_Methiocarb_6	19_2_Methiocarb_6	0	1	0	1	
369.217268999999988	149.059706000000006	1	NA	1.0	465.463000000019974					Methoxyfenozide	C22H28N2O3	NA	M+H+					-1	C9H8O2	-1.0	-1.0	19_Methoxyfenozide_4	19_0_Methoxyfenozide_4	0	1	0	1	
369.217268999999988	133.064791000000014	1	NA	0.238553822040558	465.463000000019974					Methoxyfenozide	C22H28N2O3	NA	M+H+					-1	C9H8O	-1.0	-1.0	19_Methoxyfenozide_4	19_1_Methoxyfenozide_4	0	1	0	1	
369.217268999999988	105.069877000000005	1	NA	0.057808883488178	465.463000000019974					Methoxyfenozide	C22H28N2O3	NA	M+H+					-1	C8H8	-1.0	-1.0	19_Methoxyfenozide_4	19_2_Methoxyfenozide_4	0	1	0	1	
396.097231000000022	181.072001999999998	1	NA	1.0	407.761999999979992					Tribenuron methyl	C15H17N5O6S	NA	M+H+					-1	C7H8N4O2	-1.0	-1.0	19_Tribenuron methyl_3	19_0_Tribenuron methyl_3	0	1	0	1	
396.097231000000022	135.044056000000012	1	NA	0.203976303339005	407.761999999979992					Tribenuron methyl	C15H17N5O6S	NA	M+H+					-1	C8H6O2	-1.0	-1.0	19_Tribenuron methyl_3	19_1_Tribenuron methyl_3	0	1	0	1	
396.097231000000022	114.066187999999997	1	NA	0.050906106829643	407.761999999979992					Tribenuron methyl	C15H17N5O6S	NA	M+H+					-1	C4H7N3O	-1.0	-1.0	19_Tribenuron methyl_3	19_2_Tribenuron methyl_3	0	1	0	1	
209.128454000000005	137.083515000000006	1	NA	1.0	189.12299999999999					Aminocarb	C11H16N2O2	NA	M+H+					-1	C8H10NO	-1.0	-1.0	1_Aminocarb_3	1_0_Aminocarb_3	0	1	0	1	
209.128454000000005	122.060040000000001	1	NA	0.224307671189308	189.12299999999999					Aminocarb	C11H16N2O2	NA	M+H+					-1	C7H7NO	-1.0	-1.0	1_Aminocarb_3	1_1_Aminocarb_3	0	1	0	1	
209.128454000000005	152.106989999999996	1	NA	0.145553812384605	189.12299999999999					Aminocarb	C11H16N2O2	NA	M+H+					-1	C9H13NO	-1.0	-1.0	1_Aminocarb_3	1_2_Aminocarb_3	0	1	0	1	
235.144103999999999	153.065854000000002	1	NA	1.0	348.778999999979988					Lenacil	C13H18N2O2	NA	M+H+					-1	C7H8N2O2	-1.0	-1.0	1_Lenacil_0	1_0_Lenacil_0	0	1	0	1	
235.144103999999999	136.039305000000013	1	NA	0.271721482276917	348.778999999979988					Lenacil	C13H18N2O2	NA	M+H+					-1	C7H5NO2	-1.0	-1.0	1_Lenacil_0	1_1_Lenacil_0	0	1	0	1	
235.144103999999999	135.055288999999988	1	NA	0.147764474153519	348.778999999979988					Lenacil	C13H18N2O2	NA	M+H+					-1	C7H6N2O	-1.0	-1.0	1_Lenacil_0	1_2_Lenacil_0	0	1	0	1	
190.043344999999988	163.032445999999993	1	NA	1.0	290.449000000020021					Tricyclazol	C9H7N3S	NA	M+H+					-1	C8H6N2S	-1.0	-1.0	1_Tricyclazol_1	1_0_Tricyclazol_1	0	1	0	1	
190.043344999999988	136.021546999999998	1	NA	0.852885127067566	290.449000000020021					Tricyclazol	C9H7N3S	NA	M+H+					-1	C7H5NS	-1.0	-1.0	1_Tricyclazol_1	1_1_Tricyclazol_1	0	1	0	1	
190.043344999999988	109.010648000000003	1	NA	0.189024418592453	290.449000000020021					Tricyclazol	C9H7N3S	NA	M+H+					-1	C6H4S	-1.0	-1.0	1_Tricyclazol_1	1_2_Tricyclazol_1	0	1	0	1	
327.170319000000006	116.049475999999999	1	NA	1.0	483.172000000019978					Dimoxystrobin	C19H22N2O3	NA	M+H+					-1	C8H5N	-1.0	-1.0	20_Dimoxystrobin_0	20_0_Dimoxystrobin_0	0	1	0	1	
327.170319000000006	205.097153999999989	1	NA	0.158070117235184	483.172000000019978					Dimoxystrobin	C19H22N2O3	NA	M+H+					-1	C11H12N2O2	-1.0	-1.0	20_Dimoxystrobin_0	20_1_Dimoxystrobin_0	0	1	0	1	
327.170319000000006	223.099164999999999	1	NA	0.08213672041893	483.172000000019978					Dimoxystrobin	C19H22N2O3	NA	M+H+					-1	C15H12NO	-1.0	-1.0	20_Dimoxystrobin_0	20_2_Dimoxystrobin_0	0	1	0	1	
408.058401000000003	139.050204000000008	1	NA	1.0	407.761999999979992					Flazasulfuron	C13H12F3N5O5S	NA	M+H+					-1	C6H6N2O2	-1.0	-1.0	20_Flazasulfuron_3	20_0_Flazasulfuron_3	0	1	0	1	
408.058401000000003	146.021209999999996	1	NA	0.500779628753662	407.761999999979992					Flazasulfuron	C13H12F3N5O5S	NA	M+H+					-1	C6H2F3N	-1.0	-1.0	20_Flazasulfuron_3	20_1_Flazasulfuron_3	0	1	0	1	
408.058401000000003	227.009659999999997	1	NA	0.437236368656158	407.761999999979992					Flazasulfuron	C13H12F3N5O5S	NA	M+H+					-1	C6H5F3N2O2S	-1.0	-1.0	20_Flazasulfuron_3	20_2_Flazasulfuron_3	0	1	0	1	
334.168067000000008	125.015253999999999	1	NA	1.0	508.992000000000019					Ipconazole	C18H24ClN3O	NA	M+H+					-1	C7H5Cl	-1.0	-1.0	20_Ipconazole_1	20_0_Ipconazole_1	0	1	0	1	
334.168067000000008	177.046553999999986	1	NA	0.058767773211002	508.992000000000019					Ipconazole	C18H24ClN3O	NA	M+H+					-1	C11H9Cl	-1.0	-1.0	20_Ipconazole_1	20_1_Ipconazole_1	0	1	0	1	
334.168067000000008	109.101177000000007	1	NA	0.042654030025005	508.992000000000019					Ipconazole	C18H24ClN3O	NA	M+H+					-1	C8H12	-1.0	-1.0	20_Ipconazole_1	20_2_Ipconazole_1	0	1	0	1	
391.199212999999986	241.131134000000003	1	NA	1.0	465.463000000019974					Methoxyfenozide	C22H28N2O3	NA	M+Na+					-1	C13H18N2O	-1.0	-1.0	20_Methoxyfenozide_4	20_0_Methoxyfenozide_4	0	1	0	1	
391.199212999999986	219.146783999999997	1	NA	0.448105424642563	465.463000000019974					Methoxyfenozide	C22H28N2O3	NA	M+Na+					-1	C11H20N2O	-1.0	-1.0	20_Methoxyfenozide_4	20_1_Methoxyfenozide_4	0	1	0	1	
391.199212999999986	170.057635000000005	1	NA	0.321252048015595	465.463000000019974					Methoxyfenozide	C22H28N2O3	NA	M+Na+					-1	C9H9NO	-1.0	-1.0	20_Methoxyfenozide_4	20_2_Methoxyfenozide_4	0	1	0	1	
256.029045999999994	172.955545999999998	1	NA	1.0	457.669999999980007					Propyzamide	C12H11Cl2NO	NA	M+H+					-1	C7H2Cl2O	-1.0	-1.0	20_Propyzamide_2	20_0_Propyzamide_2	0	1	0	1	
256.029045999999994	144.960632000000004	1	NA	0.457119435071945	457.669999999980007					Propyzamide	C12H11Cl2NO	NA	M+H+					-1	C6H2Cl2	-1.0	-1.0	20_Propyzamide_2	20_1_Propyzamide_2	0	1	0	1	
256.029045999999994	189.982096000000013	1	NA	0.420661389827728	457.669999999980007					Propyzamide	C12H11Cl2NO	NA	M+H+					-1	C7H5Cl2NO	-1.0	-1.0	20_Propyzamide_2	20_2_Propyzamide_2	0	1	0	1	
371.221685999999977	273.148521000000017	1	NA	1.0	612.748000000020056					Spiromesifen	C23H30O4	NA	M+H+					-1	C17H20O3	-1.0	-1.0	20_Spiromesifen_5	20_0_Spiromesifen_5	0	1	0	1	
371.221685999999977	255.137956000000003	1	NA	0.673327565193176	612.748000000020056					Spiromesifen	C23H30O4	NA	M+H+					-1	C17H18O2	-1.0	-1.0	20_Spiromesifen_5	20_1_Spiromesifen_5	0	1	0	1	
371.221685999999977	187.075355999999999	1	NA	0.386620342731476	612.748000000020056					Spiromesifen	C23H30O4	NA	M+H+					-1	C12H10O2	-1.0	-1.0	20_Spiromesifen_5	20_2_Spiromesifen_5	0	1	0	1	
332.107992000000024	121.028406000000004	1	NA	1.0	518.841000000000008					Isofenphos-methyl	C14H22NO4PS	NA	M+H+					-1	C7H4O2	-1.0	-1.0	21_Isofenphos-methyl_0	21_0_Isofenphos-methyl_0	0	1	0	1	
332.107992000000024	138.994341999999989	1	NA	0.050357054919004	518.841000000000008					Isofenphos-methyl	C14H22NO4PS	NA	M+H+					-1	C6H3O2P	-1.0	-1.0	21_Isofenphos-methyl_0	21_1_Isofenphos-methyl_0	0	1	0	1	
332.107992000000024	171.020556999999997	1	NA	0.041049815714359	518.841000000000008					Isofenphos-methyl	C14H22NO4PS	NA	M+H+					-1	C7H7O3P	-1.0	-1.0	21_Isofenphos-methyl_0	21_2_Isofenphos-methyl_0	0	1	0	1	
226.166236999999995	142.072336000000007	1	NA	1.0	418.792999999979941					Prometon	C10H19N5O	NA	M+H+					-1	C4H7N5O	-1.0	-1.0	21_Prometon_3	21_0_Prometon_3	0	1	0	1	
226.166236999999995	184.119285999999988	1	NA	0.54060435295105	418.792999999979941					Prometon	C10H19N5O	NA	M+H+					-1	C7H13N5O	-1.0	-1.0	21_Prometon_3	21_1_Prometon_3	0	1	0	1	
226.166236999999995	100.050538000000003	1	NA	0.16168712079525	418.792999999979941					Prometon	C10H19N5O	NA	M+H+					-1	C3H5N3O	-1.0	-1.0	21_Prometon_3	21_2_Prometon_3	0	1	0	1	
342.146661999999992	166.086254999999994	1	NA	1.0	457.669999999980007					Tepraloxydim	C17H24ClNO4	NA	M+H+					-1	C9H11NO2	-1.0	-1.0	21_Tepraloxydim_2	21_0_Tepraloxydim_2	0	1	0	1	
342.146661999999992	164.070605	1	NA	0.174339801073074	457.669999999980007					Tepraloxydim	C17H24ClNO4	NA	M+H+					-1	C9H9NO2	-1.0	-1.0	21_Tepraloxydim_2	21_1_Tepraloxydim_2	0	1	0	1	
342.146661999999992	149.059706000000006	1	NA	0.143491476774216	457.669999999980007					Tepraloxydim	C17H24ClNO4	NA	M+H+					-1	C9H8O2	-1.0	-1.0	21_Tepraloxydim_2	21_2_Tepraloxydim_2	0	1	0	1	
400.135924999999986	150.037196999999992	1	NA	0.758061468601227	483.088000000019974					Alanycarb	C17H25N3O4S2	NA	M+H+					-1	C8H7NS	-1.0	-1.0	22_Alanycarb_4	22_0_Alanycarb_4	0	1	0	1	
400.135924999999986	138.037196999999992	1	NA	0.686162054538727	483.088000000019974					Alanycarb	C17H25N3O4S2	NA	M+H+					-1	C7H7NS	-1.0	-1.0	22_Alanycarb_4	22_1_Alanycarb_4	0	1	0	1	
400.135924999999986	123.026297999999997	1	NA	0.267321795225143	483.088000000019974					Alanycarb	C17H25N3O4S2	NA	M+H+					-1	C7H6S	-1.0	-1.0	22_Alanycarb_4	22_2_Alanycarb_4	0	1	0	1	
302.070911000000024	143.013242999999989	1	NA	0.17475551366806	458.605999999979986					Fenhexamid	C14H17Cl2NO2	NA	M+H+					-1	C6H5ClNO	-1.0	-1.0	22_Fenhexamid_2	22_0_Fenhexamid_2	0	1	0	1	
302.070911000000024	177.982096000000013	1	NA	0.092659026384354	458.605999999979986					Fenhexamid	C14H17Cl2NO2	NA	M+H+					-1	C6H5Cl2NO	-1.0	-1.0	22_Fenhexamid_2	22_1_Fenhexamid_2	0	1	0	1	
302.070911000000024	142.005417999999992	1	NA	0.080566734075546	458.605999999979986					Fenhexamid	C14H17Cl2NO2	NA	M+H+					-1	C6H4ClNO	-1.0	-1.0	22_Fenhexamid_2	22_2_Fenhexamid_2	0	1	0	1	
363.021734999999978	226.992805000000004	1	NA	1.0	517.359000000000037					Coumaphos	C14H16ClO5PS	NA	M+H+					-1	C10H7ClO2S	-1.0	-1.0	23_Coumaphos_1	23_0_Coumaphos_1	0	1	0	1	
363.021734999999978	288.948570000000018	1	NA	0.227054238319397	517.359000000000037					Coumaphos	C14H16ClO5PS	NA	M+H+					-1	C10H6ClO4PS	-1.0	-1.0	23_Coumaphos_1	23_1_Coumaphos_1	0	1	0	1	
363.021734999999978	211.015647999999999	1	NA	0.184550076723099	517.359000000000037					Coumaphos	C14H16ClO5PS	NA	M+H+					-1	C10H7ClO3	-1.0	-1.0	23_Coumaphos_1	23_2_Coumaphos_1	0	1	0	1	
395.081344999999999	266.042340000000024	1	NA	1.0	533.707999999979961					Diflufenican	C19H11F5N2O2	NA	M+H+					-1	C13H6F3NO2	-1.0	-1.0	23_Diflufenican_0	23_0_Diflufenican_0	0	1	0	1	
395.081344999999999	246.036111000000005	1	NA	0.141975447535515	533.707999999979961					Diflufenican	C19H11F5N2O2	NA	M+H+					-1	C13H5F2NO2	-1.0	-1.0	23_Diflufenican_0	23_1_Diflufenican_0	0	1	0	1	
395.081344999999999	238.047425000000004	1	NA	0.094864457845688	533.707999999979961					Diflufenican	C19H11F5N2O2	NA	M+H+					-1	C12H6F3NO	-1.0	-1.0	23_Diflufenican_0	23_2_Diflufenican_0	0	1	0	1	
224.118223999999998	106.065126000000006	1	NA	1.0	466.972999999980004					Mepanipyrim	C14H13N3	NA	M+H+					-1	C7H7N	-1.0	-1.0	23_Mepanipyrim_2	23_0_Mepanipyrim_2	0	1	0	1	
224.118223999999998	206.083850000000012	1	NA	0.691485226154327	466.972999999980004					Mepanipyrim	C14H13N3	NA	M+H+					-1	C14H9N2	-1.0	-1.0	23_Mepanipyrim_2	23_1_Mepanipyrim_2	0	1	0	1	
224.118223999999998	209.094749000000007	1	NA	0.647043645381928	466.972999999980004					Mepanipyrim	C14H13N3	NA	M+H+					-1	C13H10N3	-1.0	-1.0	23_Mepanipyrim_2	23_2_Mepanipyrim_2	0	1	0	1	
301.118283000000019	136.039305000000013	1	NA	1.0	427.324000000020021					Phenmediphan	C16H16N2O4	NA	M+H+					-1	C7H5NO2	-1.0	-1.0	23_Phenmediphan_3	23_0_Phenmediphan_3	0	1	0	1	
301.118283000000019	108.044390000000007	1	NA	0.156096413731575	427.324000000020021					Phenmediphan	C16H16N2O4	NA	M+H+					-1	C6H5NO	-1.0	-1.0	23_Phenmediphan_3	23_1_Phenmediphan_3	0	1	0	1	
301.118283000000019	168.065519999999992	1	NA	0.040809769183397	427.324000000020021					Phenmediphan	C16H16N2O4	NA	M+H+					-1	C8H9NO3	-1.0	-1.0	23_Phenmediphan_3	23_2_Phenmediphan_3	0	1	0	1	
395.148914999999988	213.091005999999993	1	NA	1.0	479.891999999999996					Rotenone	C23H22O6	NA	M+H+					-1	C14H12O2	-1.0	-1.0	23_Rotenone_6	23_0_Rotenone_6	0	1	0	1	
395.148914999999988	203.070270999999991	1	NA	0.500755906105042	479.891999999999996					Rotenone	C23H22O6	NA	M+H+					-1	C12H10O3	-1.0	-1.0	23_Rotenone_6	23_1_Rotenone_6	0	1	0	1	
395.148914999999988	191.070270999999991	1	NA	0.41908073425293	479.891999999999996					Rotenone	C23H22O6	NA	M+H+					-1	C11H10O3	-1.0	-1.0	23_Rotenone_6	23_2_Rotenone_6	0	1	0	1	
331.043342999999993	124.982062999999997	1	NA	0.530040919780731	473.420999999999992					Malathion	C10H19O6PS2	NA	M+H+					-1	C2H5O2PS	-1.0	-1.0	24_Malathion_2	24_0_Malathion_2	0	1	0	1	
331.043342999999993	127.038971000000004	1	NA	0.139578834176064	473.420999999999992					Malathion	C10H19O6PS2	NA	M+H+					-1	C6H6O3	-1.0	-1.0	24_Malathion_2	24_1_Malathion_2	0	1	0	1	
331.043342999999993	210.964698999999996	1	NA	0.049889542162418	473.420999999999992					Malathion	C10H19O6PS2	NA	M+H+					-1	C5H7O3PS2	-1.0	-1.0	24_Malathion_2	24_2_Malathion_2	0	1	0	1	
317.164188000000024	166.097487999999998	1	NA	1.0	552.083999999999946					Bupirimate	C13H24N4O3S	NA	M+H+					-1	C8H11N3O	-1.0	-1.0	25_Bupirimate_1	25_0_Bupirimate_1	0	1	0	1	
317.164188000000024	210.160088999999999	1	NA	0.643404603004456	552.083999999999946					Bupirimate	C13H24N4O3S	NA	M+H+					-1	C11H19N3O	-1.0	-1.0	25_Bupirimate_1	25_1_Bupirimate_1	0	1	0	1	
317.164188000000024	208.144439000000006	1	NA	0.396363854408264	552.083999999999946					Bupirimate	C13H24N4O3S	NA	M+H+					-1	C11H17N3O	-1.0	-1.0	25_Bupirimate_1	25_2_Bupirimate_1	0	1	0	1	
460.988893000000019	158.041197000000011	1	NA	1.0	519.991000000019994					Hexaflumuron	C16H8Cl2F6N2O3	NA	M+H+					-1	C7H5F2NO	-1.0	-1.0	25_Hexaflumuron_6	25_0_Hexaflumuron_6	0	1	0	1	
460.988893000000019	141.014647999999994	1	NA	0.985980927944183	519.991000000019994					Hexaflumuron	C16H8Cl2F6N2O3	NA	M+H+					-1	C7H2F2O	-1.0	-1.0	25_Hexaflumuron_6	25_1_Hexaflumuron_6	0	1	0	1	
460.988893000000019	277.975707999999997	1	NA	0.036739014089108	519.991000000019994					Hexaflumuron	C16H8Cl2F6N2O3	NA	M+H+					-1	C8H5Cl2F4NO	-1.0	-1.0	25_Hexaflumuron_6	25_2_Hexaflumuron_6	0	1	0	1	
412.131011999999998	125.015253999999999	1	NA	1.0	450.445000000020059					Mandipropamid	C23H22ClNO4	NA	M+H+					-1	C7H5Cl	-1.0	-1.0	25_Mandipropamid_3	25_0_Mandipropamid_3	0	1	0	1	
412.131011999999998	328.109883000000025	1	NA	0.911288499832153	450.445000000020059					Mandipropamid	C23H22ClNO4	NA	M+H+					-1	C19H18ClNO2	-1.0	-1.0	25_Mandipropamid_3	25_1_Mandipropamid_3	0	1	0	1	
412.131011999999998	204.101904999999988	1	NA	0.282951265573502	450.445000000020059					Mandipropamid	C23H22ClNO4	NA	M+H+					-1	C12H13NO2	-1.0	-1.0	25_Mandipropamid_3	25_2_Mandipropamid_3	0	1	0	1	
364.094627000000003	199.015647999999999	1	NA	1.0	537.637000000019953					Benzoximate	C18H18ClNO5	NA	M+H+					-1	C9H7ClO3	-1.0	-1.0	26_Benzoximate_6	26_0_Benzoximate_6	0	1	0	1	
364.094627000000003	183.992173000000008	1	NA	0.591237843036652	537.637000000019953					Benzoximate	C18H18ClNO5	NA	M+H+					-1	C8H4ClO3	-1.0	-1.0	26_Benzoximate_6	26_1_Benzoximate_6	0	1	0	1	
364.094627000000003	105.033490999999998	1	NA	0.50998193025589	537.637000000019953					Benzoximate	C18H18ClNO5	NA	M+H+					-1	C7H4O	-1.0	-1.0	26_Benzoximate_6	26_2_Benzoximate_6	0	1	0	1	
349.93356	197.927472999999992	1	NA	1.0	579.15499999997985					Dursban	C9H11Cl3NO3PS	NA	M+H+					-1	C5H2Cl3NO	-1.0	-1.0	26_Dursban_1	26_0_Dursban_1	0	1	0	1	
349.93356	199.924700999999999	1	NA	0.931211650371552	579.15499999997985					Dursban	C9H11Cl3NO3PS	NA	M+H+					-1	C7HClOPS	-1.0	-1.0	26_Dursban_1	26_1_Dursban_1	0	1	0	1	
349.93356	213.904629999999997	1	NA	0.175536811351776	579.15499999997985					Dursban	C9H11Cl3NO3PS	NA	M+H+					-1	C5H2Cl3NS	-1.0	-1.0	26_Dursban_1	26_2_Dursban_1	0	1	0	1	
434.112956999999994	159.041650000000004	1	NA	1.0	450.445000000020059					Mandipropamid	C23H22ClNO4	NA	M+Na+					-1	C8H8O2	-1.0	-1.0	26_Mandipropamid_3	26_0_Mandipropamid_3	0	1	0	1	
434.112956999999994	220.013090000000005	1	NA	0.558453261852264	450.445000000020059					Mandipropamid	C23H22ClNO4	NA	M+Na+					-1	C12H5O3	-1.0	-1.0	26_Mandipropamid_3	26_1_Mandipropamid_3	0	1	0	1	
434.112956999999994	394.08165600000001	1	NA	0.130125030875206	450.445000000020059					Mandipropamid	C23H22ClNO4	NA	M+Na+					-1	C20H18ClNO4	-1.0	-1.0	26_Mandipropamid_3	26_2_Mandipropamid_3	0	1	0	1	
390.092362999999978	145.062386000000004	1	NA	1.0	501.65599999997994					Picoxystrobin	C18H16F3NO4	NA	M+Na+					-1	C8H10O	-1.0	-1.0	26_Picoxystrobin_4	26_0_Picoxystrobin_4	0	1	0	1	
390.092362999999978	115.052964000000003	1	NA	0.068130202591419	501.65599999997994					Picoxystrobin	C18H16F3NO4	NA	M+Na+					-1	C4H9FO	-1.0	-1.0	26_Picoxystrobin_4	26_1_Picoxystrobin_4	0	1	0	1	
390.092362999999978	146.071354000000014	1	NA	0.05677517130971	501.65599999997994					Picoxystrobin	C18H16F3NO4	NA	M+Na+					-1	C5H12FO2	-1.0	-1.0	26_Picoxystrobin_4	26_2_Picoxystrobin_4	0	1	0	1	
373.040751999999998	288.946851999999979	1	NA	1.0	608.394000000000005					Proquinazid	C14H17IN2O2	NA	M+H+					-1	C8H5IN2O2	-1.0	-1.0	26_Proquinazid_0	26_0_Proquinazid_0	0	1	0	1	
373.040751999999998	271.92030299999999	1	NA	0.655314445495606	608.394000000000005					Proquinazid	C14H17IN2O2	NA	M+H+					-1	C8H2INO2	-1.0	-1.0	26_Proquinazid_0	26_1_Proquinazid_0	0	1	0	1	
373.040751999999998	330.993802000000017	1	NA	0.318749666213989	608.394000000000005					Proquinazid	C14H17IN2O2	NA	M+H+					-1	C11H11IN2O2	-1.0	-1.0	26_Proquinazid_0	26_2_Proquinazid_0	0	1	0	1	
386.076571000000001	197.021401999999995	1	NA	1.0	538.56899999999996					Benzoximate	C18H18ClNO5	NA	M+Na+					-1	C7H9ClNO2	-1.0	-1.0	27_Benzoximate_6	27_0_Benzoximate_6	0	1	0	1	
386.076571000000001	199.002859000000001	1	NA	0.74155193567276	538.56899999999996					Benzoximate	C18H18ClNO5	NA	M+Na+					-1	C12H2NO	-1.0	-1.0	27_Benzoximate_6	27_1_Benzoximate_6	0	1	0	1	
386.076571000000001	183.991960000000006	1	NA	0.607287466526032	538.56899999999996					Benzoximate	C18H18ClNO5	NA	M+Na+					-1	C12HO	-1.0	-1.0	27_Benzoximate_6	27_2_Benzoximate_6	0	1	0	1	
343.039944999999989	307.063266999999996	1	NA	1.0	455.081999999999994					Boscalid	C18H12Cl2N2O	NA	M+H+					-1	C18H11ClN2O	-1.0	-1.0	27_Boscalid_3	27_0_Boscalid_3	0	1	0	1	
343.039944999999989	271.086589000000004	1	NA	0.588462173938751	455.081999999999994					Boscalid	C18H12Cl2N2O	NA	M+H+					-1	C18H10N2O	-1.0	-1.0	27_Boscalid_3	27_1_Boscalid_3	0	1	0	1	
343.039944999999989	272.094413999999972	1	NA	0.487820684909821	455.081999999999994					Boscalid	C18H12Cl2N2O	NA	M+H+					-1	C18H11N2O	-1.0	-1.0	27_Boscalid_3	27_2_Boscalid_3	0	1	0	1	
368.110418999999979	145.064791000000014	1	NA	1.0	502.585999999980004					Picoxystrobin	C18H16F3NO4	NA	M+H+					-1	C10H8O	-1.0	-1.0	27_Picoxystrobin_4	27_0_Picoxystrobin_4	0	1	0	1	
368.110418999999979	117.069877000000005	1	NA	0.076724775135517	502.585999999980004					Picoxystrobin	C18H16F3NO4	NA	M+H+					-1	C9H8	-1.0	-1.0	27_Picoxystrobin_4	27_1_Picoxystrobin_4	0	1	0	1	
368.110418999999979	115.054226999999997	1	NA	0.061216663569212	502.585999999980004					Picoxystrobin	C18H16F3NO4	NA	M+H+					-1	C9H6	-1.0	-1.0	27_Picoxystrobin_4	27_2_Picoxystrobin_4	0	1	0	1	
411.11244099999999	313.039275999999973	1	NA	1.0	618.022000000019943					Spirodiclofen	C21H24Cl2O4	NA	M+H+					-1	C15H14Cl2O3	-1.0	-1.0	27_Spirodiclofen_0	27_0_Spirodiclofen_0	0	1	0	1	
411.11244099999999	212.95046099999999	1	NA	0.619718313217163	618.022000000019943					Spirodiclofen	C21H24Cl2O4	NA	M+H+					-1	C9H2Cl2O2	-1.0	-1.0	27_Spirodiclofen_0	27_1_Spirodiclofen_0	0	1	0	1	
411.11244099999999	295.028710999999987	1	NA	0.615877091884613	618.022000000019943					Spirodiclofen	C21H24Cl2O4	NA	M+H+					-1	C15H12Cl2O2	-1.0	-1.0	27_Spirodiclofen_0	27_2_Spirodiclofen_0	0	1	0	1	
287.09477099999998	121.064791	1	NA	1.0	462.493000000020004					Ethofumesate	C13H18O5S	NA	M+H+					-1	C8H8O	-1.0	-1.0	28_Ethofumesate_3	28_0_Ethofumesate_3	0	1	0	1	
287.09477099999998	161.059706000000006	1	NA	0.35943278670311	462.493000000020004					Ethofumesate	C13H18O5S	NA	M+H+					-1	C10H8O2	-1.0	-1.0	28_Ethofumesate_3	28_1_Ethofumesate_3	0	1	0	1	
287.09477099999998	133.064791000000014	1	NA	0.219482123851776	462.493000000020004					Ethofumesate	C13H18O5S	NA	M+H+					-1	C9H8O	-1.0	-1.0	28_Ethofumesate_3	28_2_Ethofumesate_3	0	1	0	1	
330.059327999999994	142.938483999999988	1	NA	1.0	492.16500000000002					Mecarbam	C10H20NO5PS2	NA	M+H+					-1	CH3O2PS2	-1.0	-1.0	28_Mecarbam_2	28_0_Mecarbam_2	0	1	0	1	
330.059327999999994	124.982062999999997	1	NA	0.274496167898178	492.16500000000002					Mecarbam	C10H20NO5PS2	NA	M+H+					-1	C2H5O2PS	-1.0	-1.0	28_Mecarbam_2	28_1_Mecarbam_2	0	1	0	1	
330.059327999999994	170.969785000000002	1	NA	0.240720391273499	492.16500000000002					Mecarbam	C10H20NO5PS2	NA	M+H+					-1	C3H7O2PS2	-1.0	-1.0	28_Mecarbam_2	28_2_Mecarbam_2	0	1	0	1	
388.105860000000007	163.062780000000004	1	NA	1.0	518.379000000000019					Pyraclostrobin	C19H18ClN3O4	NA	M+H+					-1	C9H8NO2	-1.0	-1.0	28_Pyraclostrobin_4	28_0_Pyraclostrobin_4	0	1	0	1	
388.105860000000007	149.04713000000001	1	NA	0.383538126945496	518.379000000000019					Pyraclostrobin	C19H18ClN3O4	NA	M+H+					-1	C8H6NO2	-1.0	-1.0	28_Pyraclostrobin_4	28_1_Pyraclostrobin_4	0	1	0	1	
388.105860000000007	133.05221499999999	1	NA	0.299577414989471	518.379000000000019					Pyraclostrobin	C19H18ClN3O4	NA	M+H+					-1	C8H6NO	-1.0	-1.0	28_Pyraclostrobin_4	28_2_Pyraclostrobin_4	0	1	0	1	
466.997001000000012	418.993629999999996	1	NA	1.0	565.860000000000014					Temephos	C16H20O6P2S3	NA	M+H+					-1	C15H16O6P2S2	-1.0	-1.0	28_Temephos_6	28_0_Temephos_6	0	1	0	1	
466.997001000000012	341.006564000000026	1	NA	0.981572806835175	565.860000000000014					Temephos	C16H20O6P2S3	NA	M+H+					-1	C14H13O4PS2	-1.0	-1.0	28_Temephos_6	28_1_Temephos_6	0	1	0	1	
466.997001000000012	124.982062999999997	1	NA	0.891065657138825	565.860000000000014					Temephos	C16H20O6P2S3	NA	M+H+					-1	C2H5O2PS	-1.0	-1.0	28_Temephos_6	28_2_Temephos_6	0	1	0	1	
873.499483000000055	145.085921000000013	1	NA	1.0	612.491999999999962					Mixture of Avermectin B1a and B1b	C48H72O14	NA	M+H+					-1	C7H12O3	-1.0	-1.0	29_Mixture of Avermectin B1a and B1b_6	29_0_Mixture of Avermectin B1a and B1b_6	0	1	0	1	
873.499483000000055	193.158692000000002	1	NA	0.857142865657806	612.491999999999962					Mixture of Avermectin B1a and B1b	C48H72O14	NA	M+H+					-1	C13H20O	-1.0	-1.0	29_Mixture of Avermectin B1a and B1b_6	29_1_Mixture of Avermectin B1a and B1b_6	0	1	0	1	
873.499483000000055	113.059706000000006	1	NA	0.571428596973419	612.491999999999962					Mixture of Avermectin B1a and B1b	C48H72O14	NA	M+H+					-1	C6H8O2	-1.0	-1.0	29_Mixture of Avermectin B1a and B1b_6	29_2_Mixture of Avermectin B1a and B1b_6	0	1	0	1	
324.980932999999993	139.005752000000001	1	NA	1.0	345.120000000000005					Azamethiphos	C9H10ClN2O5PS	NA	M+H+					-1	C6H3ClN2	-1.0	-1.0	2_Azamethiphos_1	2_0_Azamethiphos_1	0	1	0	1	
324.980932999999993	182.995580999999987	1	NA	0.714613974094391	345.120000000000005					Azamethiphos	C9H10ClN2O5PS	NA	M+H+					-1	C7H3ClN2O2	-1.0	-1.0	2_Azamethiphos_1	2_1_Azamethiphos_1	0	1	0	1	
324.980932999999993	111.994853000000006	1	NA	0.658398509025574	345.120000000000005					Azamethiphos	C9H10ClN2O5PS	NA	M+H+					-1	C5H2ClN	-1.0	-1.0	2_Azamethiphos_1	2_2_Azamethiphos_1	0	1	0	1	
202.086254999999994	127.054226999999997	1	NA	1.0	375.166999999980021					Carbaryl	C12H11NO2	NA	M+H+					-1	C10H6	-1.0	-1.0	2_Carbaryl_5	2_0_Carbaryl_5	0	1	0	1	
202.086254999999994	145.064791000000014	1	NA	0.578958094120026	375.166999999980021					Carbaryl	C12H11NO2	NA	M+H+					-1	C10H8O	-1.0	-1.0	2_Carbaryl_5	2_1_Carbaryl_5	0	1	0	1	
202.086254999999994	117.069877000000005	1	NA	0.320869237184525	375.166999999980021					Carbaryl	C12H11NO2	NA	M+H+					-1	C9H8	-1.0	-1.0	2_Carbaryl_5	2_2_Carbaryl_5	0	1	0	1	
192.076752999999997	160.050537999999989	1	NA	1.0	227.221000000020013					Carbendazim	C9H9N3O2	NA	M+H+					-1	C8H5N3O	-1.0	-1.0	2_Carbendazim_4	2_0_Carbendazim_4	0	1	0	1	
192.076752999999997	132.055623999999995	1	NA	0.213051214814186	227.221000000020013					Carbendazim	C9H9N3O2	NA	M+H+					-1	C7H5N3	-1.0	-1.0	2_Carbendazim_4	2_1_Carbendazim_4	0	1	0	1	
192.076752999999997	105.044725	1	NA	0.061724066734314	227.221000000020013					Carbendazim	C9H9N3O2	NA	M+H+					-1	C6H4N2	-1.0	-1.0	2_Carbendazim_4	2_2_Carbendazim_4	0	1	0	1	
218.153941000000003	160.075690000000009	1	NA	1.0	285.113999999999976					Ethyoxyquin	C14H19NO	NA	M+H+					-1	C10H9NO	-1.0	-1.0	2_Ethyoxyquin_7	2_0_Ethyoxyquin_7	0	1	0	1	
218.153941000000003	174.091340000000002	1	NA	0.995000004768372	285.113999999999976					Ethyoxyquin	C14H19NO	NA	M+H+					-1	C11H11NO	-1.0	-1.0	2_Ethyoxyquin_7	2_1_Ethyoxyquin_7	0	1	0	1	
218.153941000000003	148.075690000000009	1	NA	0.754999995231628	285.113999999999976					Ethyoxyquin	C14H19NO	NA	M+H+					-1	C9H9NO	-1.0	-1.0	2_Ethyoxyquin_7	2_2_Ethyoxyquin_7	0	1	0	1	
223.144103999999999	151.099164999999999	1	NA	1.0	242.656000000019986					Mexacarbate	C12H18N2O2	NA	M+H+					-1	C9H12NO	-1.0	-1.0	2_Mexacarbate_6	2_0_Mexacarbate_6	0	1	0	1	
223.144103999999999	136.075690000000009	1	NA	0.592681050300598	242.656000000019986					Mexacarbate	C12H18N2O2	NA	M+H+					-1	C8H9NO	-1.0	-1.0	2_Mexacarbate_6	2_1_Mexacarbate_6	0	1	0	1	
223.144103999999999	166.122640999999987	1	NA	0.210685759782791	242.656000000019986					Mexacarbate	C12H18N2O2	NA	M+H+					-1	C10H15NO	-1.0	-1.0	2_Mexacarbate_6	2_2_Mexacarbate_6	0	1	0	1	
239.150251999999995	182.128789000000012	1	NA	0.387543350458145	291.154000000020005					Pirimicarb	C11H18N4O2	NA	M+H+					-1	C9H15N3O	-1.0	-1.0	2_Pirimicarb_2	2_0_Pirimicarb_2	0	1	0	1	
239.150251999999995	137.07093900000001	1	NA	0.06231839582324	291.154000000020005					Pirimicarb	C11H18N4O2	NA	M+H+					-1	C7H8N2O	-1.0	-1.0	2_Pirimicarb_2	2_1_Pirimicarb_2	0	1	0	1	
239.150251999999995	109.076025000000001	1	NA	0.053429834544659	291.154000000020005					Pirimicarb	C11H18N4O2	NA	M+H+					-1	C6H8N2	-1.0	-1.0	2_Pirimicarb_2	2_2_Pirimicarb_2	0	1	0	1	
640.384394000000043	199.111741999999992	1	NA	1.0	647.719000000019946					Moxidectin	C37H53NO8	NA	M+H+					-1	C14H14O	-1.0	-1.0	30_Moxidectin_6	30_0_Moxidectin_6	0	1	0	1	
640.384394000000043	171.116827000000001	1	NA	0.714285731315613	647.719000000019946					Moxidectin	C37H53NO8	NA	M+H+					-1	C13H14	-1.0	-1.0	30_Moxidectin_6	30_1_Moxidectin_6	0	1	0	1	
640.384394000000043	448.284620000000018	1	NA	0.571428596973419	647.719000000019946					Moxidectin	C37H53NO8	NA	M+H+					-1	C29H37NO3	-1.0	-1.0	30_Moxidectin_6	30_2_Moxidectin_6	0	1	0	1	
409.136968000000024	186.052510000000012	1	NA	1.0	541.636999999980048					Trifloxystrobin	C20H19F3N2O4	NA	M+H+					-1	C9H6F3N	-1.0	-1.0	30_Trifloxystrobin_4	30_0_Trifloxystrobin_4	0	1	0	1	
409.136968000000024	145.025960999999995	1	NA	0.382493168115616	541.636999999980048					Trifloxystrobin	C20H19F3N2O4	NA	M+H+					-1	C7H3F3	-1.0	-1.0	30_Trifloxystrobin_4	30_1_Trifloxystrobin_4	0	1	0	1	
409.136968000000024	131.072950999999989	1	NA	0.178493216633797	541.636999999980048					Trifloxystrobin	C20H19F3N2O4	NA	M+H+					-1	C9H8N	-1.0	-1.0	30_Trifloxystrobin_4	30_2_Trifloxystrobin_4	0	1	0	1	
322.143770000000018	185.059706000000006	1	NA	0.526144862174988	572.488999999980024					Pyripoxyfen	C20H19NO3	NA	M+H+					-1	C12H8O2	-1.0	-1.0	31_Pyripoxyfen_4	31_0_Pyripoxyfen_4	0	1	0	1	
322.143770000000018	129.069876999999991	1	NA	0.247586578130722	572.488999999980024					Pyripoxyfen	C20H19NO3	NA	M+H+					-1	C10H8	-1.0	-1.0	31_Pyripoxyfen_4	31_1_Pyripoxyfen_4	0	1	0	1	
322.143770000000018	134.072616000000011	1	NA	0.176685631275177	572.488999999980024					Pyripoxyfen	C20H19NO3	NA	M+H+					-1	C9H9O	-1.0	-1.0	31_Pyripoxyfen_4	31_2_Pyripoxyfen_4	0	1	0	1	
299.061375999999996	147.055288999999988	1	NA	1.0	501.208000000019979					Quinalfos	C12H15N2O3PS	NA	M+H+					-1	C8H6N2O	-1.0	-1.0	31_Quinalfos_2	31_0_Quinalfos_2	0	1	0	1	
299.061375999999996	163.032445999999993	1	NA	0.958131492137909	501.208000000019979					Quinalfos	C12H15N2O3PS	NA	M+H+					-1	C8H6N2S	-1.0	-1.0	31_Quinalfos_2	31_1_Quinalfos_2	0	1	0	1	
299.061375999999996	129.044725	1	NA	0.245839893817902	501.208000000019979					Quinalfos	C12H15N2O3PS	NA	M+H+					-1	C8H4N2	-1.0	-1.0	31_Quinalfos_2	31_2_Quinalfos_2	0	1	0	1	
268.118587999999988	252.087288000000001	1	NA	1.0	492.985999999979981					Silthiofam	C13H21NOSSi	NA	M+H+					-1	C12H17NOSSi	-1.0	-1.0	31_Silthiofam_3	31_0_Silthiofam_3	0	1	0	1	
268.118587999999988	197.04508899999999	1	NA	0.829145193099976	492.985999999979981					Silthiofam	C13H21NOSSi	NA	M+H+					-1	C9H12OSSi	-1.0	-1.0	31_Silthiofam_3	31_1_Silthiofam_3	0	1	0	1	
268.118587999999988	139.021211999999991	1	NA	0.716627061367035	492.985999999979981					Silthiofam	C13H21NOSSi	NA	M+H+					-1	C7H6OS	-1.0	-1.0	31_Silthiofam_3	31_2_Silthiofam_3	0	1	0	1	
406.071973000000014	251.002497000000005	1	NA	1.0	507.754999999979987					Difenoconazole	C19H17Cl2N3O3	NA	M+H+					-1	C13H8Cl2O	-1.0	-1.0	32_Difenoconazole_2	32_0_Difenoconazole_2	0	1	0	1	
406.071973000000014	188.038728999999989	1	NA	0.066846676170826	507.754999999979987					Difenoconazole	C19H17Cl2N3O3	NA	M+H+					-1	C12H8Cl	-1.0	-1.0	32_Difenoconazole_2	32_1_Difenoconazole_2	0	1	0	1	
406.071973000000014	337.039275999999973	1	NA	0.050070162862539	507.754999999979987					Difenoconazole	C19H17Cl2N3O3	NA	M+H+					-1	C17H14Cl2O3	-1.0	-1.0	32_Difenoconazole_2	32_2_Difenoconazole_2	0	1	0	1	
436.945983000000013	369.947580000000016	1	NA	1.0	495.775999999980058					Fipronil	C12H4Cl2F6N4OS	NA	M+H+					-1	C8H4Cl2F5N4OS	-1.0	-1.0	32_Fipronil_3	32_0_Fipronil_3	0	1	0	1	
436.945983000000013	256.966620999999975	1	NA	0.432835817337036	495.775999999980058					Fipronil	C12H4Cl2F6N4OS	NA	M+H+					-1	C5H3Cl2F5N2	-1.0	-1.0	32_Fipronil_3	32_1_Fipronil_3	0	1	0	1	
436.945983000000013	289.974365999999975	1	NA	0.24660786986351	495.775999999980058					Fipronil	C12H4Cl2F6N4OS	NA	M+H+					-1	C7H3Cl2F4N4	-1.0	-1.0	32_Fipronil_3	32_2_Fipronil_3	0	1	0	1	
325.052051000000006	217.040125999999987	1	NA	1.0	496.708000000019979					Cyazofamid	C13H13ClN4O2S	NA	M+H+					-1	C11H7ClN3	-1.0	-1.0	33_Cyazofamid_3	33_0_Cyazofamid_3	0	1	0	1	
325.052051000000006	216.03230099999999	1	NA	0.578525543212891	496.708000000019979					Cyazofamid	C13H13ClN4O2S	NA	M+H+					-1	C11H6ClN3	-1.0	-1.0	33_Cyazofamid_3	33_1_Cyazofamid_3	0	1	0	1	
325.052051000000006	182.071273999999988	1	NA	0.226519331336021	496.708000000019979					Cyazofamid	C13H13ClN4O2S	NA	M+H+					-1	C11H7N3	-1.0	-1.0	33_Cyazofamid_3	33_2_Cyazofamid_3	0	1	0	1	
321.037864000000013	107.049141000000006	1	NA	1.0	512.431999999980008					Phenthoate	C12H17O4PS2	NA	M+H+					-1	C7H6O	-1.0	-1.0	33_Phenthoate_2	33_0_Phenthoate_2	0	1	0	1	
321.037864000000013	124.982062999999997	1	NA	0.97863107919693	512.431999999980008					Phenthoate	C12H17O4PS2	NA	M+H+					-1	C2H5O2PS	-1.0	-1.0	33_Phenthoate_2	33_1_Phenthoate_2	0	1	0	1	
321.037864000000013	135.044056000000012	1	NA	0.906401455402374	512.431999999980008					Phenthoate	C12H17O4PS2	NA	M+H+					-1	C8H6O2	-1.0	-1.0	33_Phenthoate_2	33_2_Phenthoate_2	0	1	0	1	
325.050653000000011	245.060823999999997	1	NA	1.0	496.708000000019979					Ethofumesate	C13H18O5S	NA	M+K+					-1	C9H18O3S	-1.0	-1.0	34_Ethofumesate_3	34_0_Ethofumesate_3	0	1	0	1	
325.050653000000011	261.088752999999997	1	NA	0.324909746646881	496.708000000019979					Ethofumesate	C13H18O5S	NA	M+K+					-1	C13H18O3	-1.0	-1.0	34_Ethofumesate_3	34_1_Ethofumesate_3	0	1	0	1	
325.050653000000011	181.062537999999989	1	NA	0.270758122205734	496.708000000019979					Ethofumesate	C13H18O5S	NA	M+K+					-1	C8H14O2	-1.0	-1.0	34_Ethofumesate_3	34_2_Ethofumesate_3	0	1	0	1	
422.20743299999998	366.144833000000006	1	NA	1.0	585.541000000019949					Fenpyroximate	C24H27N3O4	NA	M+H+					-1	C20H19N3O4	-1.0	-1.0	34_Fenpyroximate_4	34_0_Fenpyroximate_4	0	1	0	1	
422.20743299999998	214.097487999999998	1	NA	0.227884873747826	585.541000000019949					Fenpyroximate	C24H27N3O4	NA	M+H+					-1	C12H11N3O	-1.0	-1.0	34_Fenpyroximate_4	34_1_Fenpyroximate_4	0	1	0	1	
422.20743299999998	138.066188000000011	1	NA	0.216747730970383	585.541000000019949					Fenpyroximate	C24H27N3O4	NA	M+H+					-1	C6H7N3O	-1.0	-1.0	34_Fenpyroximate_4	34_2_Fenpyroximate_4	0	1	0	1	
346.985230000000001	137.029371999999995	1	NA	1.0	524.567999999999984					Tolylfluanid	C10H13Cl2FN2O2S2	NA	M+H+					-1	C7H6NS	-1.0	-1.0	34_Tolylfluanid_2	34_0_Tolylfluanid_2	0	1	0	1	
346.985230000000001	237.965480000000014	1	NA	0.052766922861338	524.567999999999984					Tolylfluanid	C10H13Cl2FN2O2S2	NA	M+H+					-1	C8H6Cl2FNS	-1.0	-1.0	34_Tolylfluanid_2	34_1_Tolylfluanid_2	0	1	0	1	
346.985230000000001	136.021546999999998	1	NA	0.038807068020105	524.567999999999984					Tolylfluanid	C10H13Cl2FN2O2S2	NA	M+H+					-1	C7H5NS	-1.0	-1.0	34_Tolylfluanid_2	34_2_Tolylfluanid_2	0	1	0	1	
412.043707999999981	345.995614999999987	1	NA	1.0	496.708000000019979					Carfentrazone-ethyl	C15H14Cl2F3N3O3	NA	M+H+					-1	C13H7Cl2F2N3O2	-1.0	-1.0	35_Carfentrazone-ethyl_3	35_0_Carfentrazone-ethyl_3	0	1	0	1	
412.043707999999981	366.001843000000008	1	NA	0.355105131864548	496.708000000019979					Carfentrazone-ethyl	C15H14Cl2F3N3O3	NA	M+H+					-1	C13H8Cl2F3N3O2	-1.0	-1.0	35_Carfentrazone-ethyl_3	35_1_Carfentrazone-ethyl_3	0	1	0	1	
412.043707999999981	276.974151000000006	1	NA	0.351304799318314	496.708000000019979					Carfentrazone-ethyl	C15H14Cl2F3N3O3	NA	M+H+					-1	C10H4Cl2F2N2O	-1.0	-1.0	35_Carfentrazone-ethyl_3	35_2_Carfentrazone-ethyl_3	0	1	0	1	
300.961634000000004	174.971196999999989	1	NA	1.0	530.185000000019954					Tolclosof methyl	C9H11Cl2O3PS	NA	M+H+					-1	C7H4Cl2O	-1.0	-1.0	35_Tolclosof methyl_2	35_0_Tolclosof methyl_2	0	1	0	1	
300.961634000000004	124.982062999999997	1	NA	0.688950479030609	530.185000000019954					Tolclosof methyl	C9H11Cl2O3PS	NA	M+H+					-1	C2H5O2PS	-1.0	-1.0	35_Tolclosof methyl_2	35_1_Tolclosof methyl_2	0	1	0	1	
300.961634000000004	268.935419000000024	1	NA	0.428219348192215	530.185000000019954					Tolclosof methyl	C9H11Cl2O3PS	NA	M+H+					-1	C8H7Cl2O2PS	-1.0	-1.0	35_Tolclosof methyl_2	35_2_Tolclosof methyl_2	0	1	0	1	
434.02565199999998	350.994805999999983	1	NA	1.0	496.708000000019979					Carfentrazone-ethyl	C15H14Cl2F3N3O3	NA	M+Na+					-1	C13H9Cl2FN3O2	-1.0	-1.0	36_Carfentrazone-ethyl_3	36_0_Carfentrazone-ethyl_3	0	1	0	1	
434.02565199999998	371.001034000000004	1	NA	0.548218965530396	496.708000000019979					Carfentrazone-ethyl	C15H14Cl2F3N3O3	NA	M+Na+					-1	C13H10Cl2F2N3O2	-1.0	-1.0	36_Carfentrazone-ethyl_3	36_1_Carfentrazone-ethyl_3	0	1	0	1	
434.02565199999998	389.01159899999999	1	NA	0.195482194423676	496.708000000019979					Carfentrazone-ethyl	C15H14Cl2F3N3O3	NA	M+Na+					-1	C13H12Cl2F2N3O3	-1.0	-1.0	36_Carfentrazone-ethyl_3	36_2_Carfentrazone-ethyl_3	0	1	0	1	
307.18049000000002	161.132476999999994	1	NA	0.507970213890076	612.007000000019957					Fenazaquin	C20H22N2O	NA	M+H+					-1	C12H16	-1.0	-1.0	36_Fenazaquin_4	36_0_Fenazaquin_4	0	1	0	1	
307.18049000000002	147.055288999999988	1	NA	0.252398163080215	612.007000000019957					Fenazaquin	C20H22N2O	NA	M+H+					-1	C8H6N2O	-1.0	-1.0	36_Fenazaquin_4	36_1_Fenazaquin_4	0	1	0	1	
307.18049000000002	146.109002000000004	1	NA	0.177057892084122	612.007000000019957					Fenazaquin	C20H22N2O	NA	M+H+					-1	C11H13	-1.0	-1.0	36_Fenazaquin_4	36_2_Fenazaquin_4	0	1	0	1	
528.077989000000002	203.018864000000008	1	NA	1.0	536.743000000019947					Indoxacarb	C22H17ClF3N3O7	NA	M+H+					-1	C8H3F3NO2	-1.0	-1.0	37_Indoxacarb_2	37_0_Indoxacarb_2	0	1	0	1	
528.077989000000002	150.010503	1	NA	0.835709810256958	536.743000000019947					Indoxacarb	C22H17ClF3N3O7	NA	M+H+					-1	C8H4ClN	-1.0	-1.0	37_Indoxacarb_2	37_1_Indoxacarb_2	0	1	0	1	
528.077989000000002	218.042339999999996	1	NA	0.786868035793305	536.743000000019947					Indoxacarb	C22H17ClF3N3O7	NA	M+H+					-1	C9H6F3NO2	-1.0	-1.0	37_Indoxacarb_2	37_2_Indoxacarb_2	0	1	0	1	
314.13868500000001	222.091340000000002	1	NA	1.0	499.498999999980015					Kresoxim-methyl	C18H19NO4	NA	M+H+					-1	C15H11NO	-1.0	-1.0	37_Kresoxim-methyl_3	37_0_Kresoxim-methyl_3	0	1	0	1	
314.13868500000001	223.099164999999999	1	NA	0.706818163394928	499.498999999980015					Kresoxim-methyl	C18H19NO4	NA	M+H+					-1	C15H12NO	-1.0	-1.0	37_Kresoxim-methyl_3	37_1_Kresoxim-methyl_3	0	1	0	1	
314.13868500000001	194.096426000000008	1	NA	0.584097981452942	499.498999999980015					Kresoxim-methyl	C18H19NO4	NA	M+H+					-1	C14H11N	-1.0	-1.0	37_Kresoxim-methyl_3	37_2_Kresoxim-methyl_3	0	1	0	1	
550.059933000000001	207.021663999999987	1	NA	1.0	536.743000000019947					Indoxacarb	C22H17ClF3N3O7	NA	M+Na+					-1	C12H5FO	-1.0	-1.0	38_Indoxacarb_2	38_0_Indoxacarb_2	0	1	0	1	
550.059933000000001	452.059538999999972	1	NA	0.810000002384186	536.743000000019947					Indoxacarb	C22H17ClF3N3O7	NA	M+Na+					-1	C18H15ClF3N3O4	-1.0	-1.0	38_Indoxacarb_2	38_1_Indoxacarb_2	0	1	0	1	
550.059933000000001	203.023413000000005	1	NA	0.300000011920929	536.743000000019947					Indoxacarb	C22H17ClF3N3O7	NA	M+Na+					-1	C10H9ClO	-1.0	-1.0	38_Indoxacarb_2	38_2_Indoxacarb_2	0	1	0	1	
336.120629000000008	246.088934999999992	1	NA	1.0	500.428999999980022					Kresoxim-methyl	C18H19NO4	NA	M+Na+					-1	C15H13NO	-1.0	-1.0	38_Kresoxim-methyl_3	38_0_Kresoxim-methyl_3	0	1	0	1	
336.120629000000008	178.075296000000009	1	NA	0.164835169911385	500.428999999980022					Kresoxim-methyl	C18H19NO4	NA	M+Na+					-1	C12H11	-1.0	-1.0	38_Kresoxim-methyl_3	38_1_Kresoxim-methyl_3	0	1	0	1	
336.120629000000008	305.102238999999997	1	NA	0.098901100456715	500.428999999980022					Kresoxim-methyl	C18H19NO4	NA	M+Na+					-1	C17H16NO3	-1.0	-1.0	38_Kresoxim-methyl_3	38_2_Kresoxim-methyl_3	0	1	0	1	
365.144888999999978	147.116827000000001	1	NA	1.0	612.913999999979978					Pyridaben	C19H25ClN2OS	NA	M+H+					-1	C11H14	-1.0	-1.0	38_Pyridaben_4	38_0_Pyridaben_4	0	1	0	1	
365.144888999999978	309.082288000000005	1	NA	0.190150275826454	612.913999999979978					Pyridaben	C19H25ClN2OS	NA	M+H+					-1	C15H17ClN2OS	-1.0	-1.0	38_Pyridaben_4	38_1_Pyridaben_4	0	1	0	1	
365.144888999999978	132.09335200000001	1	NA	0.086678013205528	612.913999999979978					Pyridaben	C19H25ClN2OS	NA	M+H+					-1	C10H11	-1.0	-1.0	38_Pyridaben_4	38_2_Pyridaben_4	0	1	0	1	
372.942417999999975	286.848123999999984	1	NA	1.0	546.127999999980034					Profenofos	C11H15BrClO3PS	NA	M+H+					-1	C9HBrClPS	-1.0	-1.0	39_Profenofos_2	39_0_Profenofos_2	0	1	0	1	
372.942417999999975	143.979500000000002	1	NA	0.853759288787842	546.127999999980034					Profenofos	C11H15BrClO3PS	NA	M+H+					-1	C6H4ClS	-1.0	-1.0	39_Profenofos_2	39_1_Profenofos_2	0	1	0	1	
372.942417999999975	222.879210000000001	1	NA	0.742649495601654	546.127999999980034					Profenofos	C11H15BrClO3PS	NA	M+H+					-1	C5BrClO3	-1.0	-1.0	39_Profenofos_2	39_2_Profenofos_2	0	1	0	1	
359.040481	138.994518999999997	1	NA	1.0	500.428999999980022					Triflumuron	C15H10ClF3N2O3	NA	M+H+					-1	C7H3ClO	-1.0	-1.0	39_Triflumuron_3	39_0_Triflumuron_3	0	1	0	1	
359.040481	156.021068000000014	1	NA	0.911374032497406	500.428999999980022					Triflumuron	C15H10ClF3N2O3	NA	M+H+					-1	C7H6ClNO	-1.0	-1.0	39_Triflumuron_3	39_1_Triflumuron_3	0	1	0	1	
359.040481	113.015253999999999	1	NA	0.05173271894455	500.428999999980022					Triflumuron	C15H10ClF3N2O3	NA	M+H+					-1	C6H5Cl	-1.0	-1.0	39_Triflumuron_3	39_2_Triflumuron_3	0	1	0	1	
326.051778000000013	129.038456999999994	1	NA	1.0	297.12100000001999					Flumetsulam	C12H9F2N5O2S	NA	M+H+					-1	C6H4F2N	-1.0	-1.0	3_Flumetsulam_7	3_0_Flumetsulam_7	0	1	0	1	
326.051778000000013	128.030631999999997	1	NA	0.058021206408739	297.12100000001999					Flumetsulam	C12H9F2N5O2S	NA	M+H+					-1	C6H3F2N	-1.0	-1.0	3_Flumetsulam_7	3_1_Flumetsulam_7	0	1	0	1	
326.051778000000013	262.089877999999999	1	NA	0.053582400083542	297.12100000001999					Flumetsulam	C12H9F2N5O2S	NA	M+H+					-1	C12H9F2N5	-1.0	-1.0	3_Flumetsulam_7	3_2_Flumetsulam_7	0	1	0	1	
185.07093900000001	157.076024999999987	1	NA	1.0	256.810000000020011					Fuberidazole	C11H8N2O	NA	M+H+					-1	C10H8N2	-1.0	-1.0	3_Fuberidazole_3	3_0_Fuberidazole_3	0	1	0	1	
185.07093900000001	156.06819999999999	1	NA	0.77986490726471	256.810000000020011					Fuberidazole	C11H8N2O	NA	M+H+					-1	C10H7N2	-1.0	-1.0	3_Fuberidazole_3	3_1_Fuberidazole_3	0	1	0	1	
185.07093900000001	155.060374999999993	1	NA	0.120317459106445	256.810000000020011					Fuberidazole	C11H8N2O	NA	M+H+					-1	C10H6N2	-1.0	-1.0	3_Fuberidazole_3	3_2_Fuberidazole_3	0	1	0	1	
408.971093999999994	273.030434000000014	1	NA	1.0	375.166999999980021					Sulfentrazone	C11H10Cl2F2N4O3S	NA	M+Na+					-1	C11H10N2O3S	-1.0	-1.0	3_Sulfentrazone_5	3_0_Sulfentrazone_5	0	1	0	1	
408.971093999999994	271.01478400000002	1	NA	0.666666686534882	375.166999999980021					Sulfentrazone	C11H10Cl2F2N4O3S	NA	M+Na+					-1	C11H8N2O3S	-1.0	-1.0	3_Sulfentrazone_5	3_1_Sulfentrazone_5	0	1	0	1	
408.971093999999994	283.983122999999978	1	NA	0.666666686534882	375.166999999980021					Sulfentrazone	C11H10Cl2F2N4O3S	NA	M+Na+					-1	C9H6ClF2N3S	-1.0	-1.0	3_Sulfentrazone_5	3_2_Sulfentrazone_5	0	1	0	1	
202.043344999999988	175.032445999999993	1	NA	1.0	239.761999999979992					Thiabendazole	C10H7N3S	NA	M+H+					-1	C9H6N2S	-1.0	-1.0	3_Thiabendazole_4	3_0_Thiabendazole_4	0	1	0	1	
202.043344999999988	131.060374999999993	1	NA	0.457474946975708	239.761999999979992					Thiabendazole	C10H7N3S	NA	M+H+					-1	C8H6N2	-1.0	-1.0	3_Thiabendazole_4	3_1_Thiabendazole_4	0	1	0	1	
202.043344999999988	143.060374999999993	1	NA	0.047165349125862	239.761999999979992					Thiabendazole	C10H7N3S	NA	M+H+					-1	C9H6N2	-1.0	-1.0	3_Thiabendazole_4	3_2_Thiabendazole_4	0	1	0	1	
334.168067000000008	147.116827000000001	1	NA	1.0	550.834999999980028					Tebufanpyrad	C18H24ClN3O	NA	M+H+					-1	C11H14	-1.0	-1.0	40_Tebufanpyrad_2	40_0_Tebufanpyrad_2	0	1	0	1	
334.168067000000008	120.021068	1	NA	0.349576264619827	550.834999999980028					Tebufanpyrad	C18H24ClN3O	NA	M+H+					-1	C4H6ClNO	-1.0	-1.0	40_Tebufanpyrad_2	40_1_Tebufanpyrad_2	0	1	0	1	
334.168067000000008	173.047617000000002	1	NA	0.288177967071533	550.834999999980028					Tebufanpyrad	C18H24ClN3O	NA	M+H+					-1	C7H9ClN2O	-1.0	-1.0	40_Tebufanpyrad_2	40_2_Tebufanpyrad_2	0	1	0	1	
306.103575999999975	164.118223999999998	1	NA	1.0	551.776000000019963					Pirmiphos-methyl	C11H20N3O3PS	NA	M+H+					-1	C9H13N3	-1.0	-1.0	41_Pirmiphos-methyl_2	41_0_Pirmiphos-methyl_2	0	1	0	1	
306.103575999999975	108.055623999999995	1	NA	0.710155189037323	551.776000000019963					Pirmiphos-methyl	C11H20N3O3PS	NA	M+H+					-1	C5H5N3	-1.0	-1.0	41_Pirmiphos-methyl_2	41_1_Pirmiphos-methyl_2	0	1	0	1	
306.103575999999975	136.08692400000001	1	NA	0.281685143709183	551.776000000019963					Pirmiphos-methyl	C11H20N3O3PS	NA	M+H+					-1	C7H9N3	-1.0	-1.0	41_Pirmiphos-methyl_2	41_2_Pirmiphos-methyl_2	0	1	0	1	
377.090767000000028	238.046281999999991	1	NA	1.0	552.692999999999984					Picolinafen	C19H12F4N2O2	NA	M+H+					-1	C15H5F2N	-1.0	-1.0	42_Picolinafen_2	42_0_Picolinafen_2	0	1	0	1	
377.090767000000028	359.080201999999986	1	NA	0.349276632070541	552.692999999999984					Picolinafen	C19H12F4N2O2	NA	M+H+					-1	C19H10F4N2O	-1.0	-1.0	42_Picolinafen_2	42_1_Picolinafen_2	0	1	0	1	
377.090767000000028	266.042340000000024	1	NA	0.037778429687023	552.692999999999984					Picolinafen	C19H12F4N2O2	NA	M+H+					-1	C13H6F3NO2	-1.0	-1.0	42_Picolinafen_2	42_2_Picolinafen_2	0	1	0	1	
308.003974000000028	196.979355999999996	1	NA	1.0	567.847000000019989					Quinoxyfen	C15H8Cl2FNO	NA	M+H+					-1	C9H4Cl2N	-1.0	-1.0	43_Quinoxyfen_2	43_0_Quinoxyfen_2	0	1	0	1	
308.003974000000028	272.027295999999978	1	NA	0.633225739002228	567.847000000019989					Quinoxyfen	C15H8Cl2FNO	NA	M+H+					-1	C15H7ClFNO	-1.0	-1.0	43_Quinoxyfen_2	43_1_Quinoxyfen_2	0	1	0	1	
308.003974000000028	213.982096000000013	1	NA	0.515634596347809	567.847000000019989					Quinoxyfen	C15H8Cl2FNO	NA	M+H+					-1	C9H5Cl2NO	-1.0	-1.0	43_Quinoxyfen_2	43_2_Quinoxyfen_2	0	1	0	1	
380.981521999999984	141.014647999999994	1	NA	1.0	531.364000000020042					Teflubenzuron	C14H6Cl2F4N2O2	NA	M+H+					-1	C7H2F2O	-1.0	-1.0	43_Teflubenzuron_3	43_0_Teflubenzuron_3	0	1	0	1	
380.981521999999984	158.041197000000011	1	NA	0.568651437759399	531.364000000020042					Teflubenzuron	C14H6Cl2F4N2O2	NA	M+H+					-1	C7H5F2NO	-1.0	-1.0	43_Teflubenzuron_3	43_1_Teflubenzuron_3	0	1	0	1	
380.981521999999984	140.030631999999997	1	NA	0.030093334615231	531.364000000020042					Teflubenzuron	C14H6Cl2F4N2O2	NA	M+H+					-1	C7H3F2N	-1.0	-1.0	43_Teflubenzuron_3	43_2_Teflubenzuron_3	0	1	0	1	
345.076724000000013	184.987422000000009	1	NA	1.0	576.395999999999958					Oxadiazon	C15H18Cl2N2O3	NA	M+H+					-1	C7H3ClNO3	-1.0	-1.0	44_Oxadiazon_2	44_0_Oxadiazon_2	0	1	0	1	
345.076724000000013	176.95046099999999	1	NA	0.972007632255554	576.395999999999958					Oxadiazon	C15H18Cl2N2O3	NA	M+H+					-1	C6H2Cl2O2	-1.0	-1.0	44_Oxadiazon_2	44_1_Oxadiazon_2	0	1	0	1	
345.076724000000013	219.956275000000005	1	NA	0.809424102306366	576.395999999999958					Oxadiazon	C15H18Cl2N2O3	NA	M+H+					-1	C7H3Cl2NO3	-1.0	-1.0	44_Oxadiazon_2	44_2_Oxadiazon_2	0	1	0	1	
409.064511999999979	209.080835000000008	1	NA	1.0	542.530000000019982					Metrafenone	C19H21BrO5	NA	M+H+					-1	C11H12O4	-1.0	-1.0	45_Metrafenone_3	45_0_Metrafenone_3	0	1	0	1	
409.064511999999979	226.970217999999989	1	NA	0.998308897018433	542.530000000019982					Metrafenone	C19H21BrO5	NA	M+H+					-1	C9H7BrO2	-1.0	-1.0	45_Metrafenone_3	45_1_Metrafenone_3	0	1	0	1	
409.064511999999979	166.062445999999994	1	NA	0.203394845128059	542.530000000019982					Metrafenone	C19H21BrO5	NA	M+H+					-1	C9H9O3	-1.0	-1.0	45_Metrafenone_3	45_2_Metrafenone_3	0	1	0	1	
282.144833000000006	212.066582000000011	1	NA	1.0	580.201999999979989					Pendimethalin (Penoxalin)	C13H19N3O4	NA	M+H+					-1	C8H9N3O4	-1.0	-1.0	45_Pendimethalin (Penoxalin)_2	45_0_Pendimethalin (Penoxalin)_2	0	1	0	1	
282.144833000000006	194.056017999999995	1	NA	0.866414487361908	580.201999999979989					Pendimethalin (Penoxalin)	C13H19N3O4	NA	M+H+					-1	C8H7N3O3	-1.0	-1.0	45_Pendimethalin (Penoxalin)_2	45_1_Pendimethalin (Penoxalin)_2	0	1	0	1	
282.144833000000006	148.063114000000013	1	NA	0.629106104373932	580.201999999979989					Pendimethalin (Penoxalin)	C13H19N3O4	NA	M+H+					-1	C8H7N2O	-1.0	-1.0	45_Pendimethalin (Penoxalin)_2	45_2_Pendimethalin (Penoxalin)_2	0	1	0	1	
444.132074999999986	299.058181999999988	1	NA	1.0	550.912000000020044					Propaquizafop	C22H22ClN3O5	NA	M+H+					-1	C16H11ClN2O2	-1.0	-1.0	46_Propaquizafop_3	46_0_Propaquizafop_3	0	1	0	1	
444.132074999999986	100.075689999999994	1	NA	0.910568833351135	550.912000000020044					Propaquizafop	C22H22ClN3O5	NA	M+H+					-1	C5H9NO	-1.0	-1.0	46_Propaquizafop_3	46_1_Propaquizafop_3	0	1	0	1	
444.132074999999986	327.053095999999982	1	NA	0.394872575998306	550.912000000020044					Propaquizafop	C22H22ClN3O5	NA	M+H+					-1	C17H11ClN2O3	-1.0	-1.0	46_Propaquizafop_3	46_2_Propaquizafop_3	0	1	0	1	
433.176763999999991	276.066485	1	NA	1.0	561.053999999999974					Benfuracarb	C20H30N2O5S	NA	M+Na+					-1	C12H15NO3S	-1.0	-1.0	48_Benfuracarb_3	48_0_Benfuracarb_3	0	1	0	1	
433.176763999999991	231.068830999999989	1	NA	0.555555582046509	561.053999999999974					Benfuracarb	C20H30N2O5S	NA	M+Na+					-1	C11H14NOS	-1.0	-1.0	48_Benfuracarb_3	48_1_Benfuracarb_3	0	1	0	1	
433.176763999999991	242.078764000000007	1	NA	0.555555582046509	561.053999999999974					Benfuracarb	C20H30N2O5S	NA	M+Na+					-1	C12H13NO3	-1.0	-1.0	48_Benfuracarb_3	48_2_Benfuracarb_3	0	1	0	1	
411.194819999999993	162.067531000000002	1	NA	1.0	561.988000000019952					Benfuracarb	C20H30N2O5S	NA	M+H+					-1	C10H9O2	-1.0	-1.0	49_Benfuracarb_3	49_0_Benfuracarb_3	0	1	0	1	
411.194819999999993	158.11755500000001	1	NA	0.377091020345688	561.988000000019952					Benfuracarb	C20H30N2O5S	NA	M+H+					-1	C8H15NO2	-1.0	-1.0	49_Benfuracarb_3	49_1_Benfuracarb_3	0	1	0	1	
411.194819999999993	101.059706000000006	1	NA	0.107133537530899	561.988000000019952					Benfuracarb	C20H30N2O5S	NA	M+H+					-1	C5H8O2	-1.0	-1.0	49_Benfuracarb_3	49_2_Benfuracarb_3	0	1	0	1	
306.035793000000012	203.931328000000008	1	NA	1.0	378.85099999997999					Fosthiazate	C9H18NO3PS2	NA	M+Na+					-1	C3H4NO2PS2	-1.0	-1.0	4_Fosthiazate_0	4_0_Fosthiazate_0	0	1	0	1	
306.035793000000012	249.973193000000009	1	NA	0.070496082305908	378.85099999997999					Fosthiazate	C9H18NO3PS2	NA	M+Na+					-1	C5H10NO3PS2	-1.0	-1.0	4_Fosthiazate_0	4_1_Fosthiazate_0	0	1	0	1	
306.035793000000012	125.998405000000005	1	NA	0.062663182616234	378.85099999997999					Fosthiazate	C9H18NO3PS2	NA	M+Na+					-1	C3H5NOS	-1.0	-1.0	4_Fosthiazate_0	4_2_Fosthiazate_0	0	1	0	1	
203.092737	175.097823000000005	1	NA	1.0	262.310999999999979					Metamitron	C10H10N4O	NA	M+H+					-1	C9H10N4	-1.0	-1.0	4_Metamitron_3	4_0_Metamitron_3	0	1	0	1	
203.092737	104.049475999999999	1	NA	0.867411673069	262.310999999999979					Metamitron	C10H10N4O	NA	M+H+					-1	C7H5N	-1.0	-1.0	4_Metamitron_3	4_1_Metamitron_3	0	1	0	1	
203.092737	145.039638999999994	1	NA	0.137513786554337	262.310999999999979					Metamitron	C10H10N4O	NA	M+H+					-1	C8H4N2O	-1.0	-1.0	4_Metamitron_3	4_2_Metamitron_3	0	1	0	1	
300.076212999999996	127.015647999999999	1	NA	1.0	323.000999999999976					Phospamidon (Mix of isomers)	C10H19ClNO5P	NA	M+H+					-1	C3H7ClO3	-1.0	-1.0	4_Phospamidon (Mix of isomers)_2	4_0_Phospamidon (Mix of isomers)_2	0	1	0	1	
300.076212999999996	132.05745300000001	1	NA	0.276474088430405	323.000999999999976					Phospamidon (Mix of isomers)	C10H19ClNO5P	NA	M+H+					-1	C6H10ClN	-1.0	-1.0	4_Phospamidon (Mix of isomers)_2	4_1_Phospamidon (Mix of isomers)_2	0	1	0	1	
300.076212999999996	174.068017999999995	1	NA	0.27487125992775	323.000999999999976					Phospamidon (Mix of isomers)	C10H19ClNO5P	NA	M+H+					-1	C8H12ClNO	-1.0	-1.0	4_Phospamidon (Mix of isomers)_2	4_2_Phospamidon (Mix of isomers)_2	0	1	0	1	
386.989148999999998	273.034920999999997	1	NA	1.0	376.093000000020027					Sulfentrazone	C11H10Cl2F2N4O3S	NA	M+H+					-1	C10H7ClF2N4O	-1.0	-1.0	4_Sulfentrazone_5	4_0_Sulfentrazone_5	0	1	0	1	
386.989148999999998	306.995948999999996	1	NA	0.768384456634522	376.093000000020027					Sulfentrazone	C11H10Cl2F2N4O3S	NA	M+H+					-1	C10H6Cl2F2N4O	-1.0	-1.0	4_Sulfentrazone_5	4_1_Sulfentrazone_5	0	1	0	1	
386.989148999999998	308.003774000000021	1	NA	0.471048057079315	376.093000000020027					Sulfentrazone	C11H10Cl2F2N4O3S	NA	M+H+					-1	C10H7Cl2F2N4O	-1.0	-1.0	4_Sulfentrazone_5	4_2_Sulfentrazone_5	0	1	0	1	
292.026564000000008	181.054244000000011	1	NA	1.0	241.588000000020003					Thiametoxam	C8H10ClN5O3S	NA	M+H+					-1	C7H8N4S	-1.0	-1.0	4_Thiametoxam_4	4_0_Thiametoxam_4	0	1	0	1	
292.026564000000008	131.966924000000006	1	NA	0.796094536781311	241.588000000020003					Thiametoxam	C8H10ClN5O3S	NA	M+H+					-1	C4H2ClNS	-1.0	-1.0	4_Thiametoxam_4	4_1_Thiametoxam_4	0	1	0	1	
292.026564000000008	211.064807999999999	1	NA	0.453159034252167	241.588000000020003					Thiametoxam	C8H10ClN5O3S	NA	M+H+					-1	C8H10N4OS	-1.0	-1.0	4_Thiametoxam_4	4_2_Thiametoxam_4	0	1	0	1	
489.043516000000011	158.041197000000011	1	NA	1.0	571.351999999979967					Flufenoxuron	C21H11ClF6N2O3	NA	M+H+					-1	C7H5F2NO	-1.0	-1.0	50_Flufenoxuron_3	50_0_Flufenoxuron_3	0	1	0	1	
489.043516000000011	141.014647999999994	1	NA	0.585223019123077	571.351999999979967					Flufenoxuron	C21H11ClF6N2O3	NA	M+H+					-1	C7H2F2O	-1.0	-1.0	50_Flufenoxuron_3	50_1_Flufenoxuron_3	0	1	0	1	
489.043516000000011	306.03033099999999	1	NA	0.038444209843874	571.351999999979967					Flufenoxuron	C21H11ClF6N2O3	NA	M+H+					-1	C13H8ClF4NO	-1.0	-1.0	50_Flufenoxuron_3	50_2_Flufenoxuron_3	0	1	0	1	
353.108502999999985	168.05745300000001	1	NA	1.0	579.820000000019945					Hexythiazox	C17H21ClN2O2S	NA	M+H+					-1	C9H10ClN	-1.0	-1.0	51_Hexythiazox_3	51_0_Hexythiazox_3	0	1	0	1	
353.108502999999985	228.024439000000001	1	NA	0.397063493728638	579.820000000019945					Hexythiazox	C17H21ClN2O2S	NA	M+H+					-1	C10H10ClNOS	-1.0	-1.0	51_Hexythiazox_3	51_1_Hexythiazox_3	0	1	0	1	
353.108502999999985	151.030903999999992	1	NA	0.26391875743866	579.820000000019945					Hexythiazox	C17H21ClN2O2S	NA	M+H+					-1	C9H7Cl	-1.0	-1.0	51_Hexythiazox_3	51_2_Hexythiazox_3	0	1	0	1	
222.112470000000002	123.044055999999998	1	NA	1.0	364.809000000000026					Carbofuran	C12H15NO3	NA	M+H+					-1	C7H6O2	-1.0	-1.0	5_Carbofuran_7	5_0_Carbofuran_7	0	1	0	1	
222.112470000000002	165.091005999999993	1	NA	0.143068417906761	364.809000000000026					Carbofuran	C12H15NO3	NA	M+H+					-1	C10H12O2	-1.0	-1.0	5_Carbofuran_7	5_1_Carbofuran_7	0	1	0	1	
222.112470000000002	137.059706000000006	1	NA	0.068081423640251	364.809000000000026					Carbofuran	C12H15NO3	NA	M+H+					-1	C8H8O2	-1.0	-1.0	5_Carbofuran_7	5_2_Carbofuran_7	0	1	0	1	
222.042866000000004	104.049475999999999	1	NA	0.739381551742554	270.636000000000024					Chloridazon	C10H8ClN3O	NA	M+H+					-1	C7H5N	-1.0	-1.0	5_Chloridazon_3	5_0_Chloridazon_3	0	1	0	1	
222.042866000000004	100.990101999999993	1	NA	0.158005133271217	270.636000000000024					Chloridazon	C10H8ClN3O	NA	M+H+					-1	C3HClN2	-1.0	-1.0	5_Chloridazon_3	5_1_Chloridazon_3	0	1	0	1	
222.042866000000004	130.065125999999992	1	NA	0.126230582594872	270.636000000000024					Chloridazon	C10H8ClN3O	NA	M+H+					-1	C9H7N	-1.0	-1.0	5_Chloridazon_3	5_2_Chloridazon_3	0	1	0	1	
284.053849000000014	104.016461000000007	1	NA	1.0	379.776000000000011					Fosthiazate	C9H18NO3PS2	NA	M+H+					-1	C3H5NOS	-1.0	-1.0	5_Fosthiazate_0	5_0_Fosthiazate_0	0	1	0	1	
284.053849000000014	181.949383000000012	1	NA	0.062474366277456	379.776000000000011					Fosthiazate	C9H18NO3PS2	NA	M+H+					-1	C3H4NO2PS2	-1.0	-1.0	5_Fosthiazate_0	5_1_Fosthiazate_0	0	1	0	1	
284.053849000000014	199.959947999999997	1	NA	0.061696857213974	379.776000000000011					Fosthiazate	C9H18NO3PS2	NA	M+H+					-1	C3H6NO3PS2	-1.0	-1.0	5_Fosthiazate_0	5_2_Fosthiazate_0	0	1	0	1	
256.059578999999985	209.058850000000007	1	NA	1.0	272.722000000019989					Imidacloprid	C9H10ClN5O2	NA	M+H+					-1	C9H9ClN4	-1.0	-1.0	5_Imidacloprid_4	5_0_Imidacloprid_4	0	1	0	1	
256.059578999999985	175.097823000000005	1	NA	0.819970667362213	272.722000000019989					Imidacloprid	C9H10ClN5O2	NA	M+H+					-1	C9H10N4	-1.0	-1.0	5_Imidacloprid_4	5_1_Imidacloprid_4	0	1	0	1	
256.059578999999985	174.089998000000008	1	NA	0.142010778188705	272.722000000019989					Imidacloprid	C9H10ClN5O2	NA	M+H+					-1	C9H9N4	-1.0	-1.0	5_Imidacloprid_4	5_2_Imidacloprid_4	0	1	0	1	
504.085346000000015	139.050204000000008	1	NA	1.0	379.798000000020011					Mesosulfuron-methyl	C17H21N5O9S2	NA	M+H+					-1	C6H6N2O2	-1.0	-1.0	5_Mesosulfuron-methyl_5	5_0_Mesosulfuron-methyl_5	0	1	0	1	
504.085346000000015	162.054955000000007	1	NA	0.925010740756989	379.798000000020011					Mesosulfuron-methyl	C17H21N5O9S2	NA	M+H+					-1	C9H7NO2	-1.0	-1.0	5_Mesosulfuron-methyl_5	5_1_Mesosulfuron-methyl_5	0	1	0	1	
504.085346000000015	242.048155000000008	1	NA	0.364952623844147	379.798000000020011					Mesosulfuron-methyl	C17H21N5O9S2	NA	M+H+					-1	C10H11NO4S	-1.0	-1.0	5_Mesosulfuron-methyl_5	5_2_Mesosulfuron-methyl_5	0	1	0	1	
318.136766000000023	125.015253999999999	1	NA	1.0	437.842000000019993					Triticonazole	C17H20ClN3O	NA	M+H+					-1	C7H5Cl	-1.0	-1.0	5_Triticonazole_1	5_0_Triticonazole_1	0	1	0	1	
318.136766000000023	191.062204000000008	1	NA	0.222015187144279	437.842000000019993					Triticonazole	C17H20ClN3O	NA	M+H+					-1	C12H11Cl	-1.0	-1.0	5_Triticonazole_1	5_1_Triticonazole_1	0	1	0	1	
318.136766000000023	189.046553999999986	1	NA	0.169274747371674	437.842000000019993					Triticonazole	C17H20ClN3O	NA	M+H+					-1	C12H9Cl	-1.0	-1.0	5_Triticonazole_1	5_2_Triticonazole_1	0	1	0	1	
300.030107999999984	158.976281999999998	1	NA	1.0	388.267000000020005					Azaconazole	C12H11Cl2N3O2	NA	M+H+					-1	C7H4Cl2	-1.0	-1.0	6_Azaconazole_0	6_0_Azaconazole_0	0	1	0	1	
300.030107999999984	230.997411	1	NA	0.127872571349144	388.267000000020005					Azaconazole	C12H11Cl2N3O2	NA	M+H+					-1	C10H8Cl2O2	-1.0	-1.0	6_Azaconazole_0	6_1_Azaconazole_0	0	1	0	1	
300.030107999999984	172.955545999999998	1	NA	0.031591475009918	388.267000000020005					Azaconazole	C12H11Cl2N3O2	NA	M+H+					-1	C7H2Cl2O	-1.0	-1.0	6_Azaconazole_0	6_2_Azaconazole_0	0	1	0	1	
199.082567000000012	111.018904000000006	1	NA	0.642717897891998	299.326000000019974					Cymoxanil	C7H10N4O3	NA	M+H+					-1	C4H2N2O2	-1.0	-1.0	6_Cymoxanil_3	6_0_Cymoxanil_3	0	1	0	1	
199.082567000000012	128.045453000000009	1	NA	0.223623856902123	299.326000000019974					Cymoxanil	C7H10N4O3	NA	M+H+					-1	C4H5N3O2	-1.0	-1.0	6_Cymoxanil_3	6_1_Cymoxanil_3	0	1	0	1	
199.082567000000012	119.060374999999993	1	NA	0.154816508293152	299.326000000019974					Cymoxanil	C7H10N4O3	NA	M+H+					-1	C7H6N2	-1.0	-1.0	6_Cymoxanil_3	6_2_Cymoxanil_3	0	1	0	1	
331.039944999999989	268.052368000000001	1	NA	1.0	442.468999999979985					Fenarimol	C17H12Cl2N2O	NA	M+H+					-1	C16H10ClNO	-1.0	-1.0	6_Fenarimol_1	6_0_Fenarimol_1	0	1	0	1	
331.039944999999989	138.994518999999997	1	NA	0.41564068198204	442.468999999979985					Fenarimol	C17H12Cl2N2O	NA	M+H+					-1	C7H3ClO	-1.0	-1.0	6_Fenarimol_1	6_1_Fenarimol_1	0	1	0	1	
331.039944999999989	259.007582000000014	1	NA	0.400010883808136	442.468999999979985					Fenarimol	C17H12Cl2N2O	NA	M+H+					-1	C15H8Cl2	-1.0	-1.0	6_Fenarimol_1	6_2_Fenarimol_1	0	1	0	1	
233.089623999999986	160.03685999999999	1	NA	0.112025424838066	375.475000000019975					Fluometuron	C10H11F3N2O	NA	M+H+					-1	C7H4F3N	-1.0	-1.0	6_Fluometuron_7	6_0_Fluometuron_7	0	1	0	1	
233.089623999999986	145.025960999999995	1	NA	0.073797658085823	375.475000000019975					Fluometuron	C10H11F3N2O	NA	M+H+					-1	C7H3F3	-1.0	-1.0	6_Fluometuron_7	6_1_Fluometuron_7	0	1	0	1	
233.089623999999986	168.025546999999989	1	NA	0.039432119578123	375.475000000019975					Fluometuron	C10H11F3N2O	NA	M+H+					-1	C8H3F2NO	-1.0	-1.0	6_Fluometuron_7	6_2_Fluometuron_7	0	1	0	1	
271.095630000000028	224.094901999999991	1	NA	0.297174394130707	270.001999999980001					Nitenpyram	C11H15ClN4O2	NA	M+H+					-1	C11H14ClN3	-1.0	-1.0	6_Nitenpyram_6	6_0_Nitenpyram_6	0	1	0	1	
271.095630000000028	196.063601000000006	1	NA	0.270972281694412	270.001999999980001					Nitenpyram	C11H15ClN4O2	NA	M+H+					-1	C9H10ClN3	-1.0	-1.0	6_Nitenpyram_6	6_1_Nitenpyram_6	0	1	0	1	
271.095630000000028	126.010503	1	NA	0.191552177071571	270.001999999980001					Nitenpyram	C11H15ClN4O2	NA	M+H+					-1	C6H4ClN	-1.0	-1.0	6_Nitenpyram_6	6_2_Nitenpyram_6	0	1	0	1	
219.095045999999996	171.091675000000009	1	NA	1.0	403.043999999999983					Cymiazol hydrochloride	C12H14N2S	NA	M+H+					-1	C11H10N2	-1.0	-1.0	7_Cymiazol hydrochloride_0	7_0_Cymiazol hydrochloride_0	0	1	0	1	
219.095045999999996	144.080775999999986	1	NA	0.913573384284973	403.043999999999983					Cymiazol hydrochloride	C12H14N2S	NA	M+H+					-1	C10H9N	-1.0	-1.0	7_Cymiazol hydrochloride_0	7_1_Cymiazol hydrochloride_0	0	1	0	1	
219.095045999999996	203.063746000000009	1	NA	0.388011991977692	403.043999999999983					Cymiazol hydrochloride	C12H14N2S	NA	M+H+					-1	C11H10N2S	-1.0	-1.0	7_Cymiazol hydrochloride_0	7_2_Cymiazol hydrochloride_0	0	1	0	1	
210.160088999999999	140.106989999999996	1	NA	1.0	327.985999999979981					Ethirimol	C11H19N3O	NA	M+H+					-1	C8H13NO	-1.0	-1.0	7_Ethirimol_3	7_0_Ethirimol_3	0	1	0	1	
210.160088999999999	182.128789000000012	1	NA	0.31509667634964	327.985999999979981					Ethirimol	C11H19N3O	NA	M+H+					-1	C9H15N3O	-1.0	-1.0	7_Ethirimol_3	7_1_Ethirimol_3	0	1	0	1	
210.160088999999999	193.133540000000011	1	NA	0.247010827064514	327.985999999979981					Ethirimol	C11H19N3O	NA	M+H+					-1	C11H16N2O	-1.0	-1.0	7_Ethirimol_3	7_2_Ethirimol_3	0	1	0	1	
355.108861999999988	299.082647000000009	1	NA	1.0	432.316000000019983					Flumioxazin	C19H15FN2O4	NA	M+H+					-1	C16H11FN2O3	-1.0	-1.0	7_Flumioxazin_5	7_0_Flumioxazin_5	0	1	0	1	
355.108861999999988	327.113946999999996	1	NA	0.581647515296936	432.316000000019983					Flumioxazin	C19H15FN2O4	NA	M+H+					-1	C18H15FN2O3	-1.0	-1.0	7_Flumioxazin_5	7_1_Flumioxazin_5	0	1	0	1	
355.108861999999988	327.077562	1	NA	0.513016760349274	432.316000000019983					Flumioxazin	C19H15FN2O4	NA	M+H+					-1	C17H11FN2O4	-1.0	-1.0	7_Flumioxazin_5	7_2_Flumioxazin_5	0	1	0	1	
376.01627000000002	306.983572999999979	1	NA	1.0	457.29000000000002					Fluquinconazole	C16H8Cl2FN5O	NA	M+H+					-1	C14H5Cl2FN2O	-1.0	-1.0	7_Fluquinconazole_1	7_0_Fluquinconazole_1	0	1	0	1	
376.01627000000002	349.005371000000025	1	NA	0.616843163967133	457.29000000000002					Fluquinconazole	C16H8Cl2FN5O	NA	M+H+					-1	C15H7Cl2FN4O	-1.0	-1.0	7_Fluquinconazole_1	7_1_Fluquinconazole_1	0	1	0	1	
376.01627000000002	272.014720000000011	1	NA	0.286483526229858	457.29000000000002					Fluquinconazole	C16H8Cl2FN5O	NA	M+H+					-1	C14H5ClFN2O	-1.0	-1.0	7_Fluquinconazole_1	7_2_Fluquinconazole_1	0	1	0	1	
302.109944999999982	123.022926999999996	1	NA	0.497822463512421	377.32399999998006					Flutriafol	C16H13F2N3O	NA	M+H+					-1	C10H2	-1.0	-1.0	7_Flutriafol_7	7_0_Flutriafol_7	0	1	0	1	
302.109944999999982	109.044804999999997	1	NA	0.16097292304039	377.32399999998006					Flutriafol	C16H13F2N3O	NA	M+H+					-1	C7H5F	-1.0	-1.0	7_Flutriafol_7	7_1_Flutriafol_7	0	1	0	1	
302.109944999999982	233.077247999999997	1	NA	0.046905498951674	377.32399999998006					Flutriafol	C16H13F2N3O	NA	M+H+					-1	C14H10F2O	-1.0	-1.0	7_Flutriafol_7	7_2_Flutriafol_7	0	1	0	1	
268.154335000000003	124.039304999999999	1	NA	1.0	436.016999999999996					Diethofencarb	C14H21NO4	NA	M+H+					-1	C6H5NO2	-1.0	-1.0	8_Diethofencarb_5	8_0_Diethofencarb_5	0	1	0	1	
268.154335000000003	152.070605	1	NA	0.62151575088501	436.016999999999996					Diethofencarb	C14H21NO4	NA	M+H+					-1	C8H9NO2	-1.0	-1.0	8_Diethofencarb_5	8_1_Diethofencarb_5	0	1	0	1	
268.154335000000003	180.101904999999988	1	NA	0.23847633600235	436.016999999999996					Diethofencarb	C14H21NO4	NA	M+H+					-1	C10H13NO2	-1.0	-1.0	8_Diethofencarb_5	8_2_Diethofencarb_5	0	1	0	1	
256.109883000000025	148.112076000000002	1	NA	1.0	412.199999999999989					Dimethachlor	C13H18ClNO2	NA	M+H+					-1	C10H13N	-1.0	-1.0	8_Dimethachlor_0	8_0_Dimethachlor_0	0	1	0	1	
256.109883000000025	224.083667999999989	1	NA	0.856757700443268	412.199999999999989					Dimethachlor	C13H18ClNO2	NA	M+H+					-1	C12H14ClNO	-1.0	-1.0	8_Dimethachlor_0	8_1_Dimethachlor_0	0	1	0	1	
256.109883000000025	132.080775999999986	1	NA	0.136783704161644	412.199999999999989					Dimethachlor	C13H18ClNO2	NA	M+H+					-1	C9H9N	-1.0	-1.0	8_Dimethachlor_0	8_2_Dimethachlor_0	0	1	0	1	
243.063684999999992	130.938483999999988	1	NA	0.832351982593536	461.920000000020025					Ethoprop	C8H19O2PS2	NA	M+H+					-1	H3O2PS2	-1.0	-1.0	8_Ethoprop_1	8_0_Ethoprop_1	0	1	0	1	
243.063684999999992	172.985434999999995	1	NA	0.206781536340714	461.920000000020025					Ethoprop	C8H19O2PS2	NA	M+H+					-1	C3H9O2PS2	-1.0	-1.0	8_Ethoprop_1	8_1_Ethoprop_1	0	1	0	1	
243.063684999999992	112.92792	1	NA	0.033607631921768	461.920000000020025					Ethoprop	C8H19O2PS2	NA	M+H+					-1	HOPS2	-1.0	-1.0	8_Ethoprop_1	8_2_Ethoprop_1	0	1	0	1	
453.118694000000005	255.04340400000001	1	NA	1.0	332.266999999979987					Foramsulfron	C17H20N6O7S	NA	M+H+					-1	C10H10N2O4S	-1.0	-1.0	8_Foramsulfron_2	8_0_Foramsulfron_2	0	1	0	1	
453.118694000000005	139.050204000000008	1	NA	0.577178239822388	332.266999999979987					Foramsulfron	C17H20N6O7S	NA	M+H+					-1	C6H6N2O2	-1.0	-1.0	8_Foramsulfron_2	8_1_Foramsulfron_2	0	1	0	1	
453.118694000000005	227.012103999999994	1	NA	0.298356741666794	332.266999999979987					Foramsulfron	C17H20N6O7S	NA	M+H+					-1	C8H6N2O4S	-1.0	-1.0	8_Foramsulfron_2	8_2_Foramsulfron_2	0	1	0	1	
259.007665999999972	148.063114000000013	1	NA	0.82516074180603	399.723000000000013					Metobromuron	C9H11BrN2O2	NA	M+H+					-1	C8H7N2O	-1.0	-1.0	8_Metobromuron_7	8_0_Metobromuron_7	0	1	0	1	
259.007665999999972	119.060374999999993	1	NA	0.455286860466003	399.723000000000013					Metobromuron	C9H11BrN2O2	NA	M+H+					-1	C7H6N2	-1.0	-1.0	8_Metobromuron_7	8_1_Metobromuron_7	0	1	0	1	
259.007665999999972	147.055288999999988	1	NA	0.374394506216049	399.723000000000013					Metobromuron	C9H11BrN2O2	NA	M+H+					-1	C8H6N2O	-1.0	-1.0	8_Metobromuron_7	8_2_Metobromuron_7	0	1	0	1	
481.978069000000005	283.921590999999978	1	NA	1.0	415.396000000020024					Chlorantraniliprole	C18H14BrCl2N5O2	NA	M+H+					-1	C12BrN2O2	-1.0	-1.0	9_Chlorantraniliprole_7	9_0_Chlorantraniliprole_7	0	1	0	1	
481.978069000000005	194.000333000000012	1	NA	0.729013442993164	415.396000000020024					Chlorantraniliprole	C18H14BrCl2N5O2	NA	M+H+					-1	C9H4ClNO2	-1.0	-1.0	9_Chlorantraniliprole_7	9_1_Chlorantraniliprole_7	0	1	0	1	
481.978069000000005	177.008339000000007	1	NA	0.697692096233368	415.396000000020024					Chlorantraniliprole	C18H14BrCl2N5O2	NA	M+H+					-1	C11N2O	-1.0	-1.0	9_Chlorantraniliprole_7	9_2_Chlorantraniliprole_7	0	1	0	1	
318.013045999999974	132.044389999999993	1	NA	0.625820994377136	431.866000000019994					Guthion	C10H12N3O3PS2	NA	M+H+					-1	C8H5NO	-1.0	-1.0	9_Guthion_0	9_0_Guthion_0	0	1	0	1	
318.013045999999974	124.982062999999997	1	NA	0.498831301927567	431.866000000019994					Guthion	C10H12N3O3PS2	NA	M+H+					-1	C2H5O2PS	-1.0	-1.0	9_Guthion_0	9_1_Guthion_0	0	1	0	1	
318.013045999999974	104.049475999999999	1	NA	0.338820368051529	431.866000000019994					Guthion	C10H12N3O3PS2	NA	M+H+					-1	C7H5N	-1.0	-1.0	9_Guthion_0	9_2_Guthion_0	0	1	0	1	
222.069558999999998	165.048095999999987	1	NA	1.0	365.495999999999981					Methabenzthiazurone	C10H11N3OS	NA	M+H+					-1	C8H8N2S	-1.0	-1.0	9_Methabenzthiazurone_4	9_0_Methabenzthiazurone_4	0	1	0	1	
222.069558999999998	150.024620999999996	1	NA	0.627468466758728	365.495999999999981					Methabenzthiazurone	C10H11N3OS	NA	M+H+					-1	C7H5N2S	-1.0	-1.0	9_Methabenzthiazurone_4	9_1_Methabenzthiazurone_4	0	1	0	1	
222.069558999999998	124.021546999999998	1	NA	0.138364270329475	365.495999999999981					Methabenzthiazurone	C10H11N3OS	NA	M+H+					-1	C6H5NS	-1.0	-1.0	9_Methabenzthiazurone_4	9_2_Methabenzthiazurone_4	0	1	0	1	
279.133934000000011	132.080775999999986	1	NA	1.0	335.977000000019984					Oxadixyl	C14H18N2O4	NA	M+H+					-1	C9H9N	-1.0	-1.0	9_Oxadixyl_2	9_0_Oxadixyl_2	0	1	0	1	
279.133934000000011	133.088601000000011	1	NA	0.41207566857338	335.977000000019984					Oxadixyl	C14H18N2O4	NA	M+H+					-1	C9H10N	-1.0	-1.0	9_Oxadixyl_2	9_1_Oxadixyl_2	0	1	0	1	
279.133934000000011	119.085526999999999	1	NA	0.083049401640892	335.977000000019984					Oxadixyl	C14H18N2O4	NA	M+H+					-1	C9H10	-1.0	-1.0	9_Oxadixyl_2	9_2_Oxadixyl_2	0	1	0	1	
208.015983000000006	105.033490999999998	1	NA	1.0	339.08899999997999					Quinoclamine	C10H6ClNO2	NA	M+H+					-1	C7H4O	-1.0	-1.0	9_Quinoclamine_3	9_0_Quinoclamine_3	0	1	0	1	
208.015983000000006	172.039305000000013	1	NA	0.622876286506653	339.08899999997999					Quinoclamine	C10H6ClNO2	NA	M+H+					-1	C10H5NO2	-1.0	-1.0	9_Quinoclamine_3	9_1_Quinoclamine_3	0	1	0	1	
208.015983000000006	154.028739999999999	1	NA	0.617913126945496	339.08899999997999					Quinoclamine	C10H6ClNO2	NA	M+H+					-1	C10H3NO	-1.0	-1.0	9_Quinoclamine_3	9_2_Quinoclamine_3	0	1	0	1	
374.196198999999979	216.101904999999988	1	NA	1.0	437.872999999979982					Spirotetramat	C21H27NO5	NA	M+H+					-1	C13H13NO2	-1.0	-1.0	9_Spirotetramat_5	9_0_Spirotetramat_5	0	1	0	1	
374.196198999999979	270.148855000000026	1	NA	0.515960812568665	437.872999999979982					Spirotetramat	C21H27NO5	NA	M+H+					-1	C17H19NO2	-1.0	-1.0	9_Spirotetramat_5	9_1_Spirotetramat_5	0	1	0	1	
374.196198999999979	244.133205000000004	1	NA	0.288511008024216	437.872999999979982					Spirotetramat	C21H27NO5	NA	M+H+					-1	C15H17NO2	-1.0	-1.0	9_Spirotetramat_5	9_2_Spirotetramat_5	0	1	0	1	
308.152416000000017	125.015253999999999	1	NA	1.0	467.491000000019994					Tebuconazole	C16H22ClN3O	NA	M+H+					-1	C7H5Cl	-1.0	-1.0	9_Tebuconazole_1	9_0_Tebuconazole_1	0	1	0	1	
308.152416000000017	151.030903999999992	1	NA	0.420213043689728	467.491000000019994					Tebuconazole	C16H22ClN3O	NA	M+H+					-1	C9H7Cl	-1.0	-1.0	9_Tebuconazole_1	9_1_Tebuconazole_1	0	1	0	1	
308.152416000000017	139.030903999999992	1	NA	0.138308480381966	467.491000000019994					Tebuconazole	C16H22ClN3O	NA	M+H+					-1	C8H7Cl	-1.0	-1.0	9_Tebuconazole_1	9_2_Tebuconazole_1	0	1	0	1	
229.111759000000006	172.090294999999998	1	NA	1.0	317.008999999980006					Tebuthiuron	C9H16N4OS	NA	M+H+					-1	C7H13N3S	-1.0	-1.0	9_Tebuthiuron_6	9_0_Tebuthiuron_6	0	1	0	1	
229.111759000000006	116.027694999999994	1	NA	0.303342789411545	317.008999999980006					Tebuthiuron	C9H16N4OS	NA	M+H+					-1	C3H5N3S	-1.0	-1.0	9_Tebuthiuron_6	9_1_Tebuthiuron_6	0	1	0	1	
229.111759000000006	157.066820000000007	1	NA	0.146045580506325	317.008999999980006					Tebuthiuron	C9H16N4OS	NA	M+H+					-1	C6H10N3S	-1.0	-1.0	9_Tebuthiuron_6	9_2_Tebuthiuron_6	0	1	0	1	
